2026-01-06 10:40:46.334 - RealTimeSTT: realtimestt - INFO - Starting RealTimeSTT
2026-01-06 10:40:46.384 - RealTimeSTT: realtimestt - INFO - Initializing audio recording (creating pyAudio input stream, sample rate: 16000 buffer size: 512
2026-01-06 10:40:46.395 - RealTimeSTT: realtimestt - INFO - Initializing WebRTC voice with Sensitivity 3
2026-01-06 10:40:46.396 - RealTimeSTT: realtimestt - DEBUG - WebRTC VAD voice activity detection engine initialized successfully
2026-01-06 10:40:50.625 - RealTimeSTT: realtimestt - DEBUG - Silero VAD voice activity detection engine initialized successfully
2026-01-06 10:40:50.656 - RealTimeSTT: realtimestt - DEBUG - Starting realtime worker
2026-01-06 10:40:50.656 - RealTimeSTT: realtimestt - DEBUG - Waiting for main transcription model to start
2026-01-06 10:41:15.612 - RealTimeSTT: realtimestt - DEBUG - Main transcription model ready
2026-01-06 10:41:15.618 - RealTimeSTT: realtimestt - DEBUG - RealtimeSTT initialization completed successfully
2026-01-06 10:41:15.619 - RealTimeSTT: realtimestt - INFO - Setting listen time
2026-01-06 10:41:15.619 - RealTimeSTT: realtimestt - INFO - State changed from 'inactive' to 'listening'
2026-01-06 10:41:15.619 - RealTimeSTT: realtimestt - DEBUG - Waiting for recording start
2026-01-06 10:41:41.122 - RealTimeSTT: realtimestt - DEBUG - Receive from stdout pipe
2026-01-06 10:41:41.122 - RealTimeSTT: realtimestt - INFO - None
2026-01-06 10:41:41.138 - RealTimeSTT: realtimestt - INFO - KeyboardInterrupt in wait_audio, shutting down
2026-01-06 10:41:41.139 - RealTimeSTT: realtimestt - DEBUG - Finishing recording thread
2026-01-06 10:41:41.154 - RealTimeSTT: realtimestt - DEBUG - Terminating reader process
2026-01-06 10:41:42.144 - RealTimeSTT: realtimestt - DEBUG - Terminating transcription process
2026-01-06 10:41:42.156 - RealTimeSTT: realtimestt - DEBUG - Finishing realtime thread
2026-01-06 10:41:42.277 - RealTimeSTT: realtimestt - INFO - KeyboardInterrupt in text() method
2026-01-06 10:41:57.908 - RealTimeSTT: realtimestt - INFO - Starting RealTimeSTT
2026-01-06 10:41:57.927 - RealTimeSTT: realtimestt - INFO - Initializing audio recording (creating pyAudio input stream, sample rate: 16000 buffer size: 512
2026-01-06 10:41:57.938 - RealTimeSTT: realtimestt - INFO - Initializing WebRTC voice with Sensitivity 3
2026-01-06 10:41:57.938 - RealTimeSTT: realtimestt - DEBUG - WebRTC VAD voice activity detection engine initialized successfully
2026-01-06 10:41:58.434 - RealTimeSTT: realtimestt - DEBUG - Silero VAD voice activity detection engine initialized successfully
2026-01-06 10:41:58.436 - RealTimeSTT: realtimestt - DEBUG - Starting realtime worker
2026-01-06 10:41:58.436 - RealTimeSTT: realtimestt - DEBUG - Waiting for main transcription model to start
2026-01-06 10:42:26.172 - RealTimeSTT: realtimestt - DEBUG - Main transcription model ready
2026-01-06 10:42:26.174 - RealTimeSTT: realtimestt - DEBUG - RealtimeSTT initialization completed successfully
2026-01-06 10:42:26.175 - RealTimeSTT: realtimestt - INFO - Setting listen time
2026-01-06 10:42:26.175 - RealTimeSTT: realtimestt - INFO - State changed from 'inactive' to 'listening'
2026-01-06 10:42:26.175 - RealTimeSTT: realtimestt - DEBUG - Waiting for recording start
2026-01-06 10:42:33.222 - RealTimeSTT: realtimestt - INFO - KeyboardInterrupt in wait_audio, shutting down
2026-01-06 10:42:33.223 - RealTimeSTT: realtimestt - DEBUG - Finishing recording thread
2026-01-06 10:42:33.238 - RealTimeSTT: realtimestt - DEBUG - Terminating reader process
2026-01-06 10:42:34.222 - RealTimeSTT: realtimestt - DEBUG - Terminating transcription process
2026-01-06 10:42:34.223 - RealTimeSTT: realtimestt - DEBUG - Finishing realtime thread
2026-01-06 10:42:34.337 - RealTimeSTT: realtimestt - INFO - KeyboardInterrupt in text() method
2026-01-06 10:44:29.197 - RealTimeSTT: realtimestt - INFO - Starting RealTimeSTT
2026-01-06 10:44:29.216 - RealTimeSTT: realtimestt - INFO - Initializing audio recording (creating pyAudio input stream, sample rate: 16000 buffer size: 512
2026-01-06 10:44:29.224 - RealTimeSTT: realtimestt - INFO - Initializing WebRTC voice with Sensitivity 3
2026-01-06 10:44:29.225 - RealTimeSTT: realtimestt - DEBUG - WebRTC VAD voice activity detection engine initialized successfully
2026-01-06 10:44:29.763 - RealTimeSTT: realtimestt - DEBUG - Silero VAD voice activity detection engine initialized successfully
2026-01-06 10:44:29.765 - RealTimeSTT: realtimestt - DEBUG - Starting realtime worker
2026-01-06 10:44:29.765 - RealTimeSTT: realtimestt - DEBUG - Waiting for main transcription model to start
2026-01-06 10:44:58.678 - RealTimeSTT: realtimestt - DEBUG - Main transcription model ready
2026-01-06 10:44:58.680 - RealTimeSTT: realtimestt - DEBUG - RealtimeSTT initialization completed successfully
2026-01-06 10:44:58.681 - RealTimeSTT: realtimestt - INFO - Setting listen time
2026-01-06 10:44:58.681 - RealTimeSTT: realtimestt - INFO - State changed from 'inactive' to 'listening'
2026-01-06 10:44:58.681 - RealTimeSTT: realtimestt - DEBUG - Waiting for recording start
2026-01-06 10:45:25.932 - RealTimeSTT: realtimestt - INFO - KeyboardInterrupt in wait_audio, shutting down
2026-01-06 10:45:25.933 - RealTimeSTT: realtimestt - DEBUG - Finishing recording thread
2026-01-06 10:45:25.949 - RealTimeSTT: realtimestt - DEBUG - Terminating reader process
2026-01-06 10:45:26.943 - RealTimeSTT: realtimestt - DEBUG - Terminating transcription process
2026-01-06 10:45:26.950 - RealTimeSTT: realtimestt - DEBUG - Finishing realtime thread
2026-01-06 10:45:27.081 - RealTimeSTT: realtimestt - INFO - KeyboardInterrupt in text() method
2026-01-07 00:54:35.752 - RealTimeSTT: realtimestt - INFO - Starting RealTimeSTT
2026-01-07 00:54:36.156 - RealTimeSTT: realtimestt - INFO - Initializing audio recording (creating pyAudio input stream, sample rate: 16000 buffer size: 512
2026-01-07 00:54:36.161 - RealTimeSTT: realtimestt - INFO - Initializing WebRTC voice with Sensitivity 3
2026-01-07 00:54:36.161 - RealTimeSTT: realtimestt - DEBUG - WebRTC VAD voice activity detection engine initialized successfully
2026-01-07 00:54:36.415 - RealTimeSTT: realtimestt - ERROR - Error initializing Silero VAD voice activity detection engine: No module named 'torchaudio'
Traceback (most recent call last):
  File "C:\Users\dynam\AppData\Local\Programs\Python\Python313\Lib\site-packages\RealtimeSTT\audio_recorder.py", line 922, in __init__
    self.silero_vad_model, _ = torch.hub.load(
                               ~~~~~~~~~~~~~~^
        repo_or_dir="snakers4/silero-vad",
        ^^^^^^^^^^^^^^^^^^^^^^^^^^^^^^^^^^
    ...<2 lines>...
        onnx=silero_use_onnx
        ^^^^^^^^^^^^^^^^^^^^
    )
    ^
  File "C:\Users\dynam\AppData\Local\Programs\Python\Python313\Lib\site-packages\torch\hub.py", line 652, in load
    model = _load_local(repo_or_dir, model, *args, **kwargs)
  File "C:\Users\dynam\AppData\Local\Programs\Python\Python313\Lib\site-packages\torch\hub.py", line 682, in _load_local
    hub_module = _import_module(MODULE_HUBCONF, hubconf_path)
  File "C:\Users\dynam\AppData\Local\Programs\Python\Python313\Lib\site-packages\torch\hub.py", line 115, in _import_module
    spec.loader.exec_module(module)
    ~~~~~~~~~~~~~~~~~~~~~~~^^^^^^^^
  File "<frozen importlib._bootstrap_external>", line 1027, in exec_module
  File "<frozen importlib._bootstrap>", line 488, in _call_with_frames_removed
  File "C:\Users\dynam/.cache\torch\hub\snakers4_silero-vad_master\hubconf.py", line 6, in <module>
    from silero_vad.utils_vad import (init_jit_model,
    ...<5 lines>...
                                      OnnxWrapper)
  File "C:\Users\dynam/.cache\torch\hub\snakers4_silero-vad_master\src\silero_vad\__init__.py", line 7, in <module>
    from silero_vad.model import load_silero_vad
  File "C:\Users\dynam/.cache\torch\hub\snakers4_silero-vad_master\src\silero_vad\model.py", line 1, in <module>
    from .utils_vad import init_jit_model, OnnxWrapper
  File "C:\Users\dynam/.cache\torch\hub\snakers4_silero-vad_master\src\silero_vad\utils_vad.py", line 2, in <module>
    import torchaudio
ModuleNotFoundError: No module named 'torchaudio'
2026-01-07 00:55:32.077 - RealTimeSTT: realtimestt - INFO - Starting RealTimeSTT
2026-01-07 00:55:32.899 - RealTimeSTT: realtimestt - INFO - Initializing audio recording (creating pyAudio input stream, sample rate: 16000 buffer size: 512
2026-01-07 00:55:32.903 - RealTimeSTT: realtimestt - INFO - Initializing WebRTC voice with Sensitivity 3
2026-01-07 00:55:32.903 - RealTimeSTT: realtimestt - DEBUG - WebRTC VAD voice activity detection engine initialized successfully
2026-01-07 00:55:33.373 - RealTimeSTT: realtimestt - DEBUG - Silero VAD voice activity detection engine initialized successfully
2026-01-07 00:55:33.375 - RealTimeSTT: realtimestt - DEBUG - Starting realtime worker
2026-01-07 00:55:33.375 - RealTimeSTT: realtimestt - DEBUG - Waiting for main transcription model to start
2026-01-07 00:55:43.054 - RealTimeSTT: realtimestt - DEBUG - Main transcription model ready
2026-01-07 00:55:43.055 - RealTimeSTT: realtimestt - DEBUG - RealtimeSTT initialization completed successfully
2026-01-07 00:55:43.056 - RealTimeSTT: realtimestt - INFO - Setting listen time
2026-01-07 00:55:43.056 - RealTimeSTT: realtimestt - INFO - State changed from 'inactive' to 'listening'
2026-01-07 00:55:43.056 - RealTimeSTT: realtimestt - DEBUG - Waiting for recording start
2026-01-07 00:55:45.713 - RealTimeSTT: realtimestt - INFO - voice activity detected
2026-01-07 00:55:45.714 - RealTimeSTT: realtimestt - INFO - recording started
2026-01-07 00:55:45.714 - RealTimeSTT: realtimestt - INFO - State changed from 'listening' to 'recording'
2026-01-07 00:55:45.714 - RealTimeSTT: realtimestt - DEBUG - Waiting for recording stop
2026-01-07 00:55:48.144 - RealTimeSTT: realtimestt - INFO - recording stopped
2026-01-07 00:55:48.147 - RealTimeSTT: realtimestt - DEBUG - No samples removed, final audio length: 55296
2026-01-07 00:55:48.147 - RealTimeSTT: realtimestt - INFO - State changed from 'recording' to 'inactive'
2026-01-07 00:55:48.148 - RealTimeSTT: realtimestt - INFO - State changed from 'inactive' to 'transcribing'
2026-01-07 00:55:48.148 - RealTimeSTT: realtimestt - DEBUG - Adding transcription request, no early transcription started
2026-01-07 00:55:48.148 - RealTimeSTT: realtimestt - DEBUG - Receive from parent_transcription_pipe after sendiung transcription request, transcribe_count: 1
2026-01-07 00:55:48.262 - RealTimeSTT: realtimestt - DEBUG - Receive from parent_transcription_pipe after sendiung transcription request, transcribe_count: 1
2026-01-07 00:55:48.374 - RealTimeSTT: realtimestt - DEBUG - Receive from parent_transcription_pipe after sendiung transcription request, transcribe_count: 1
2026-01-07 00:55:48.482 - RealTimeSTT: realtimestt - DEBUG - Receive from parent_transcription_pipe after sendiung transcription request, transcribe_count: 1
2026-01-07 00:55:48.589 - RealTimeSTT: realtimestt - INFO - State changed from 'transcribing' to 'inactive'
2026-01-07 00:55:48.590 - RealTimeSTT: realtimestt - DEBUG - Model large-v3-turbo completed transcription in 0.44 seconds
2026-01-07 00:55:48.590 - RealTimeSTT: realtimestt - INFO - Setting listen time
2026-01-07 00:55:48.590 - RealTimeSTT: realtimestt - INFO - State changed from 'inactive' to 'listening'
2026-01-07 00:55:48.590 - RealTimeSTT: realtimestt - DEBUG - Waiting for recording start
2026-01-07 00:55:51.093 - RealTimeSTT: realtimestt - INFO - voice activity detected
2026-01-07 00:55:51.093 - RealTimeSTT: realtimestt - INFO - recording started
2026-01-07 00:55:51.093 - RealTimeSTT: realtimestt - INFO - State changed from 'listening' to 'recording'
2026-01-07 00:55:51.094 - RealTimeSTT: realtimestt - DEBUG - Waiting for recording stop
2026-01-07 00:55:53.393 - RealTimeSTT: realtimestt - INFO - recording stopped
2026-01-07 00:55:53.394 - RealTimeSTT: realtimestt - DEBUG - No samples removed, final audio length: 53248
2026-01-07 00:55:53.394 - RealTimeSTT: realtimestt - INFO - State changed from 'recording' to 'inactive'
2026-01-07 00:55:53.394 - RealTimeSTT: realtimestt - INFO - State changed from 'inactive' to 'transcribing'
2026-01-07 00:55:53.394 - RealTimeSTT: realtimestt - DEBUG - Adding transcription request, no early transcription started
2026-01-07 00:55:53.395 - RealTimeSTT: realtimestt - DEBUG - Receive from parent_transcription_pipe after sendiung transcription request, transcribe_count: 1
2026-01-07 00:55:53.500 - RealTimeSTT: realtimestt - DEBUG - Receive from parent_transcription_pipe after sendiung transcription request, transcribe_count: 1
2026-01-07 00:55:53.610 - RealTimeSTT: realtimestt - DEBUG - Receive from parent_transcription_pipe after sendiung transcription request, transcribe_count: 1
2026-01-07 00:55:53.721 - RealTimeSTT: realtimestt - DEBUG - Receive from parent_transcription_pipe after sendiung transcription request, transcribe_count: 1
2026-01-07 00:55:53.831 - RealTimeSTT: realtimestt - DEBUG - Receive from parent_transcription_pipe after sendiung transcription request, transcribe_count: 1
2026-01-07 00:55:53.940 - RealTimeSTT: realtimestt - DEBUG - Receive from parent_transcription_pipe after sendiung transcription request, transcribe_count: 1
2026-01-07 00:55:54.050 - RealTimeSTT: realtimestt - DEBUG - Receive from parent_transcription_pipe after sendiung transcription request, transcribe_count: 1
2026-01-07 00:55:54.105 - RealTimeSTT: realtimestt - INFO - State changed from 'transcribing' to 'inactive'
2026-01-07 00:55:54.106 - RealTimeSTT: realtimestt - DEBUG - Model large-v3-turbo completed transcription in 0.71 seconds
2026-01-07 00:55:54.106 - RealTimeSTT: realtimestt - INFO - Setting listen time
2026-01-07 00:55:54.106 - RealTimeSTT: realtimestt - INFO - State changed from 'inactive' to 'listening'
2026-01-07 00:55:54.106 - RealTimeSTT: realtimestt - DEBUG - Waiting for recording start
2026-01-07 00:55:56.344 - RealTimeSTT: realtimestt - INFO - voice activity detected
2026-01-07 00:55:56.344 - RealTimeSTT: realtimestt - INFO - recording started
2026-01-07 00:55:56.344 - RealTimeSTT: realtimestt - INFO - State changed from 'listening' to 'recording'
2026-01-07 00:55:56.344 - RealTimeSTT: realtimestt - DEBUG - Waiting for recording stop
2026-01-07 00:55:58.384 - RealTimeSTT: realtimestt - INFO - recording stopped
2026-01-07 00:55:58.384 - RealTimeSTT: realtimestt - DEBUG - No samples removed, final audio length: 49152
2026-01-07 00:55:58.385 - RealTimeSTT: realtimestt - INFO - State changed from 'recording' to 'inactive'
2026-01-07 00:55:58.385 - RealTimeSTT: realtimestt - INFO - State changed from 'inactive' to 'transcribing'
2026-01-07 00:55:58.385 - RealTimeSTT: realtimestt - DEBUG - Adding transcription request, no early transcription started
2026-01-07 00:55:58.385 - RealTimeSTT: realtimestt - DEBUG - Receive from parent_transcription_pipe after sendiung transcription request, transcribe_count: 1
2026-01-07 00:55:58.500 - RealTimeSTT: realtimestt - DEBUG - Receive from parent_transcription_pipe after sendiung transcription request, transcribe_count: 1
2026-01-07 00:55:58.610 - RealTimeSTT: realtimestt - DEBUG - Receive from parent_transcription_pipe after sendiung transcription request, transcribe_count: 1
2026-01-07 00:55:58.720 - RealTimeSTT: realtimestt - DEBUG - Receive from parent_transcription_pipe after sendiung transcription request, transcribe_count: 1
2026-01-07 00:55:58.830 - RealTimeSTT: realtimestt - DEBUG - Receive from parent_transcription_pipe after sendiung transcription request, transcribe_count: 1
2026-01-07 00:55:58.940 - RealTimeSTT: realtimestt - DEBUG - Receive from parent_transcription_pipe after sendiung transcription request, transcribe_count: 1
2026-01-07 00:55:59.049 - RealTimeSTT: realtimestt - DEBUG - Receive from parent_transcription_pipe after sendiung transcription request, transcribe_count: 1
2026-01-07 00:55:59.106 - RealTimeSTT: realtimestt - INFO - State changed from 'transcribing' to 'inactive'
2026-01-07 00:55:59.107 - RealTimeSTT: realtimestt - DEBUG - Model large-v3-turbo completed transcription in 0.72 seconds
2026-01-07 00:55:59.107 - RealTimeSTT: realtimestt - INFO - Setting listen time
2026-01-07 00:55:59.107 - RealTimeSTT: realtimestt - INFO - State changed from 'inactive' to 'listening'
2026-01-07 00:55:59.107 - RealTimeSTT: realtimestt - DEBUG - Waiting for recording start
2026-01-07 00:56:06.063 - RealTimeSTT: realtimestt - INFO - voice activity detected
2026-01-07 00:56:06.063 - RealTimeSTT: realtimestt - INFO - recording started
2026-01-07 00:56:06.063 - RealTimeSTT: realtimestt - INFO - State changed from 'listening' to 'recording'
2026-01-07 00:56:06.063 - RealTimeSTT: realtimestt - DEBUG - Waiting for recording stop
2026-01-07 00:56:08.113 - RealTimeSTT: realtimestt - INFO - recording stopped
2026-01-07 00:56:08.114 - RealTimeSTT: realtimestt - DEBUG - No samples removed, final audio length: 49152
2026-01-07 00:56:08.114 - RealTimeSTT: realtimestt - INFO - State changed from 'recording' to 'inactive'
2026-01-07 00:56:08.114 - RealTimeSTT: realtimestt - INFO - State changed from 'inactive' to 'transcribing'
2026-01-07 00:56:08.114 - RealTimeSTT: realtimestt - DEBUG - Adding transcription request, no early transcription started
2026-01-07 00:56:08.128 - RealTimeSTT: realtimestt - DEBUG - Receive from parent_transcription_pipe after sendiung transcription request, transcribe_count: 1
2026-01-07 00:56:08.231 - RealTimeSTT: realtimestt - DEBUG - Receive from parent_transcription_pipe after sendiung transcription request, transcribe_count: 1
2026-01-07 00:56:08.341 - RealTimeSTT: realtimestt - DEBUG - Receive from parent_transcription_pipe after sendiung transcription request, transcribe_count: 1
2026-01-07 00:56:08.451 - RealTimeSTT: realtimestt - DEBUG - Receive from parent_transcription_pipe after sendiung transcription request, transcribe_count: 1
2026-01-07 00:56:08.561 - RealTimeSTT: realtimestt - DEBUG - Receive from parent_transcription_pipe after sendiung transcription request, transcribe_count: 1
2026-01-07 00:56:08.671 - RealTimeSTT: realtimestt - DEBUG - Receive from parent_transcription_pipe after sendiung transcription request, transcribe_count: 1
2026-01-07 00:56:08.732 - RealTimeSTT: realtimestt - INFO - State changed from 'transcribing' to 'inactive'
2026-01-07 00:56:08.733 - RealTimeSTT: realtimestt - DEBUG - Model large-v3-turbo completed transcription in 0.62 seconds
2026-01-07 00:56:08.733 - RealTimeSTT: realtimestt - INFO - Setting listen time
2026-01-07 00:56:08.733 - RealTimeSTT: realtimestt - INFO - State changed from 'inactive' to 'listening'
2026-01-07 00:56:08.734 - RealTimeSTT: realtimestt - DEBUG - Waiting for recording start
2026-01-07 00:56:12.983 - RealTimeSTT: realtimestt - INFO - voice activity detected
2026-01-07 00:56:12.983 - RealTimeSTT: realtimestt - INFO - recording started
2026-01-07 00:56:12.983 - RealTimeSTT: realtimestt - INFO - State changed from 'listening' to 'recording'
2026-01-07 00:56:12.984 - RealTimeSTT: realtimestt - DEBUG - Waiting for recording stop
2026-01-07 00:56:15.023 - RealTimeSTT: realtimestt - INFO - recording stopped
2026-01-07 00:56:15.024 - RealTimeSTT: realtimestt - DEBUG - No samples removed, final audio length: 49152
2026-01-07 00:56:15.024 - RealTimeSTT: realtimestt - INFO - State changed from 'recording' to 'inactive'
2026-01-07 00:56:15.025 - RealTimeSTT: realtimestt - INFO - State changed from 'inactive' to 'transcribing'
2026-01-07 00:56:15.025 - RealTimeSTT: realtimestt - DEBUG - Adding transcription request, no early transcription started
2026-01-07 00:56:15.031 - RealTimeSTT: realtimestt - DEBUG - Receive from parent_transcription_pipe after sendiung transcription request, transcribe_count: 1
2026-01-07 00:56:15.137 - RealTimeSTT: realtimestt - DEBUG - Receive from parent_transcription_pipe after sendiung transcription request, transcribe_count: 1
2026-01-07 00:56:15.247 - RealTimeSTT: realtimestt - DEBUG - Receive from parent_transcription_pipe after sendiung transcription request, transcribe_count: 1
2026-01-07 00:56:15.357 - RealTimeSTT: realtimestt - DEBUG - Receive from parent_transcription_pipe after sendiung transcription request, transcribe_count: 1
2026-01-07 00:56:15.467 - RealTimeSTT: realtimestt - DEBUG - Receive from parent_transcription_pipe after sendiung transcription request, transcribe_count: 1
2026-01-07 00:56:15.577 - RealTimeSTT: realtimestt - DEBUG - Receive from parent_transcription_pipe after sendiung transcription request, transcribe_count: 1
2026-01-07 00:56:15.687 - RealTimeSTT: realtimestt - DEBUG - Receive from parent_transcription_pipe after sendiung transcription request, transcribe_count: 1
2026-01-07 00:56:15.718 - RealTimeSTT: realtimestt - INFO - State changed from 'transcribing' to 'inactive'
2026-01-07 00:56:15.719 - RealTimeSTT: realtimestt - DEBUG - Model large-v3-turbo completed transcription in 0.69 seconds
2026-01-07 00:56:15.719 - RealTimeSTT: realtimestt - INFO - Setting listen time
2026-01-07 00:56:15.719 - RealTimeSTT: realtimestt - INFO - State changed from 'inactive' to 'listening'
2026-01-07 00:56:15.719 - RealTimeSTT: realtimestt - DEBUG - Waiting for recording start
2026-01-07 00:56:20.404 - RealTimeSTT: realtimestt - INFO - voice activity detected
2026-01-07 00:56:20.405 - RealTimeSTT: realtimestt - INFO - recording started
2026-01-07 00:56:20.405 - RealTimeSTT: realtimestt - INFO - State changed from 'listening' to 'recording'
2026-01-07 00:56:20.405 - RealTimeSTT: realtimestt - DEBUG - Waiting for recording stop
2026-01-07 00:56:23.925 - RealTimeSTT: realtimestt - INFO - recording stopped
2026-01-07 00:56:23.927 - RealTimeSTT: realtimestt - DEBUG - No samples removed, final audio length: 72704
2026-01-07 00:56:23.928 - RealTimeSTT: realtimestt - INFO - State changed from 'recording' to 'inactive'
2026-01-07 00:56:23.928 - RealTimeSTT: realtimestt - INFO - State changed from 'inactive' to 'transcribing'
2026-01-07 00:56:23.928 - RealTimeSTT: realtimestt - DEBUG - Adding transcription request, no early transcription started
2026-01-07 00:56:23.935 - RealTimeSTT: realtimestt - DEBUG - Receive from parent_transcription_pipe after sendiung transcription request, transcribe_count: 1
2026-01-07 00:56:24.039 - RealTimeSTT: realtimestt - DEBUG - Receive from parent_transcription_pipe after sendiung transcription request, transcribe_count: 1
2026-01-07 00:56:24.151 - RealTimeSTT: realtimestt - DEBUG - Receive from parent_transcription_pipe after sendiung transcription request, transcribe_count: 1
2026-01-07 00:56:24.260 - RealTimeSTT: realtimestt - DEBUG - Receive from parent_transcription_pipe after sendiung transcription request, transcribe_count: 1
2026-01-07 00:56:24.370 - RealTimeSTT: realtimestt - DEBUG - Receive from parent_transcription_pipe after sendiung transcription request, transcribe_count: 1
2026-01-07 00:56:24.481 - RealTimeSTT: realtimestt - DEBUG - Receive from parent_transcription_pipe after sendiung transcription request, transcribe_count: 1
2026-01-07 00:56:24.591 - RealTimeSTT: realtimestt - DEBUG - Receive from parent_transcription_pipe after sendiung transcription request, transcribe_count: 1
2026-01-07 00:56:24.700 - RealTimeSTT: realtimestt - DEBUG - Receive from parent_transcription_pipe after sendiung transcription request, transcribe_count: 1
2026-01-07 00:56:24.730 - RealTimeSTT: realtimestt - INFO - State changed from 'transcribing' to 'inactive'
2026-01-07 00:56:24.731 - RealTimeSTT: realtimestt - DEBUG - Model large-v3-turbo completed transcription in 0.80 seconds
2026-01-07 00:56:24.732 - RealTimeSTT: realtimestt - INFO - Setting listen time
2026-01-07 00:56:24.732 - RealTimeSTT: realtimestt - INFO - State changed from 'inactive' to 'listening'
2026-01-07 00:56:24.732 - RealTimeSTT: realtimestt - DEBUG - Waiting for recording start
2026-01-07 00:56:28.464 - RealTimeSTT: realtimestt - INFO - voice activity detected
2026-01-07 00:56:28.464 - RealTimeSTT: realtimestt - INFO - recording started
2026-01-07 00:56:28.464 - RealTimeSTT: realtimestt - INFO - State changed from 'listening' to 'recording'
2026-01-07 00:56:28.464 - RealTimeSTT: realtimestt - DEBUG - Waiting for recording stop
2026-01-07 00:56:30.195 - RealTimeSTT: realtimestt - INFO - recording stopped
2026-01-07 00:56:30.196 - RealTimeSTT: realtimestt - DEBUG - No samples removed, final audio length: 44032
2026-01-07 00:56:30.196 - RealTimeSTT: realtimestt - INFO - State changed from 'recording' to 'inactive'
2026-01-07 00:56:30.196 - RealTimeSTT: realtimestt - INFO - State changed from 'inactive' to 'transcribing'
2026-01-07 00:56:30.196 - RealTimeSTT: realtimestt - DEBUG - Adding transcription request, no early transcription started
2026-01-07 00:56:30.197 - RealTimeSTT: realtimestt - DEBUG - Receive from parent_transcription_pipe after sendiung transcription request, transcribe_count: 1
2026-01-07 00:56:30.312 - RealTimeSTT: realtimestt - DEBUG - Receive from parent_transcription_pipe after sendiung transcription request, transcribe_count: 1
2026-01-07 00:56:30.421 - RealTimeSTT: realtimestt - DEBUG - Receive from parent_transcription_pipe after sendiung transcription request, transcribe_count: 1
2026-01-07 00:56:30.530 - RealTimeSTT: realtimestt - DEBUG - Receive from parent_transcription_pipe after sendiung transcription request, transcribe_count: 1
2026-01-07 00:56:30.641 - RealTimeSTT: realtimestt - DEBUG - Receive from parent_transcription_pipe after sendiung transcription request, transcribe_count: 1
2026-01-07 00:56:30.751 - RealTimeSTT: realtimestt - DEBUG - Receive from parent_transcription_pipe after sendiung transcription request, transcribe_count: 1
2026-01-07 00:56:30.862 - RealTimeSTT: realtimestt - DEBUG - Receive from parent_transcription_pipe after sendiung transcription request, transcribe_count: 1
2026-01-07 00:56:30.902 - RealTimeSTT: realtimestt - INFO - State changed from 'transcribing' to 'inactive'
2026-01-07 00:56:30.903 - RealTimeSTT: realtimestt - DEBUG - Model large-v3-turbo completed transcription in 0.71 seconds
2026-01-07 00:56:30.903 - RealTimeSTT: realtimestt - INFO - Setting listen time
2026-01-07 00:56:30.903 - RealTimeSTT: realtimestt - INFO - State changed from 'inactive' to 'listening'
2026-01-07 00:56:30.903 - RealTimeSTT: realtimestt - DEBUG - Waiting for recording start
2026-01-07 00:56:31.023 - RealTimeSTT: realtimestt - INFO - voice activity detected
2026-01-07 00:56:31.023 - RealTimeSTT: realtimestt - INFO - recording started
2026-01-07 00:56:31.024 - RealTimeSTT: realtimestt - INFO - State changed from 'listening' to 'recording'
2026-01-07 00:56:31.024 - RealTimeSTT: realtimestt - DEBUG - Waiting for recording stop
2026-01-07 00:56:33.335 - RealTimeSTT: realtimestt - INFO - recording stopped
2026-01-07 00:56:33.337 - RealTimeSTT: realtimestt - DEBUG - No samples removed, final audio length: 53248
2026-01-07 00:56:33.337 - RealTimeSTT: realtimestt - INFO - State changed from 'recording' to 'inactive'
2026-01-07 00:56:33.337 - RealTimeSTT: realtimestt - INFO - State changed from 'inactive' to 'transcribing'
2026-01-07 00:56:33.337 - RealTimeSTT: realtimestt - DEBUG - Adding transcription request, no early transcription started
2026-01-07 00:56:33.338 - RealTimeSTT: realtimestt - DEBUG - Receive from parent_transcription_pipe after sendiung transcription request, transcribe_count: 1
2026-01-07 00:56:33.440 - RealTimeSTT: realtimestt - DEBUG - Receive from parent_transcription_pipe after sendiung transcription request, transcribe_count: 1
2026-01-07 00:56:33.549 - RealTimeSTT: realtimestt - DEBUG - Receive from parent_transcription_pipe after sendiung transcription request, transcribe_count: 1
2026-01-07 00:56:33.657 - RealTimeSTT: realtimestt - DEBUG - Receive from parent_transcription_pipe after sendiung transcription request, transcribe_count: 1
2026-01-07 00:56:33.767 - RealTimeSTT: realtimestt - DEBUG - Receive from parent_transcription_pipe after sendiung transcription request, transcribe_count: 1
2026-01-07 00:56:33.876 - RealTimeSTT: realtimestt - DEBUG - Receive from parent_transcription_pipe after sendiung transcription request, transcribe_count: 1
2026-01-07 00:56:33.984 - RealTimeSTT: realtimestt - DEBUG - Receive from parent_transcription_pipe after sendiung transcription request, transcribe_count: 1
2026-01-07 00:56:34.049 - RealTimeSTT: realtimestt - INFO - State changed from 'transcribing' to 'inactive'
2026-01-07 00:56:34.049 - RealTimeSTT: realtimestt - DEBUG - Model large-v3-turbo completed transcription in 0.71 seconds
2026-01-07 00:56:34.050 - RealTimeSTT: realtimestt - INFO - Setting listen time
2026-01-07 00:56:34.050 - RealTimeSTT: realtimestt - INFO - State changed from 'inactive' to 'listening'
2026-01-07 00:56:34.050 - RealTimeSTT: realtimestt - DEBUG - Waiting for recording start
2026-01-07 00:56:34.425 - RealTimeSTT: realtimestt - INFO - voice activity detected
2026-01-07 00:56:34.425 - RealTimeSTT: realtimestt - INFO - recording started
2026-01-07 00:56:34.425 - RealTimeSTT: realtimestt - INFO - State changed from 'listening' to 'recording'
2026-01-07 00:56:34.426 - RealTimeSTT: realtimestt - DEBUG - Waiting for recording stop
2026-01-07 00:56:36.275 - RealTimeSTT: realtimestt - INFO - recording stopped
2026-01-07 00:56:36.277 - RealTimeSTT: realtimestt - DEBUG - No samples removed, final audio length: 46080
2026-01-07 00:56:36.277 - RealTimeSTT: realtimestt - INFO - State changed from 'recording' to 'inactive'
2026-01-07 00:56:36.278 - RealTimeSTT: realtimestt - INFO - State changed from 'inactive' to 'transcribing'
2026-01-07 00:56:36.278 - RealTimeSTT: realtimestt - DEBUG - Adding transcription request, no early transcription started
2026-01-07 00:56:36.287 - RealTimeSTT: realtimestt - DEBUG - Receive from parent_transcription_pipe after sendiung transcription request, transcribe_count: 1
2026-01-07 00:56:36.390 - RealTimeSTT: realtimestt - DEBUG - Receive from parent_transcription_pipe after sendiung transcription request, transcribe_count: 1
2026-01-07 00:56:36.499 - RealTimeSTT: realtimestt - DEBUG - Receive from parent_transcription_pipe after sendiung transcription request, transcribe_count: 1
2026-01-07 00:56:36.610 - RealTimeSTT: realtimestt - DEBUG - Receive from parent_transcription_pipe after sendiung transcription request, transcribe_count: 1
2026-01-07 00:56:36.720 - RealTimeSTT: realtimestt - DEBUG - Receive from parent_transcription_pipe after sendiung transcription request, transcribe_count: 1
2026-01-07 00:56:36.829 - RealTimeSTT: realtimestt - DEBUG - Receive from parent_transcription_pipe after sendiung transcription request, transcribe_count: 1
2026-01-07 00:56:36.883 - RealTimeSTT: realtimestt - INFO - State changed from 'transcribing' to 'inactive'
2026-01-07 00:56:36.883 - RealTimeSTT: realtimestt - DEBUG - Model large-v3-turbo completed transcription in 0.61 seconds
2026-01-07 00:56:36.884 - RealTimeSTT: realtimestt - INFO - Setting listen time
2026-01-07 00:56:36.884 - RealTimeSTT: realtimestt - INFO - State changed from 'inactive' to 'listening'
2026-01-07 00:56:36.884 - RealTimeSTT: realtimestt - DEBUG - Waiting for recording start
2026-01-07 00:56:39.153 - RealTimeSTT: realtimestt - INFO - voice activity detected
2026-01-07 00:56:39.153 - RealTimeSTT: realtimestt - INFO - recording started
2026-01-07 00:56:39.153 - RealTimeSTT: realtimestt - INFO - State changed from 'listening' to 'recording'
2026-01-07 00:56:39.153 - RealTimeSTT: realtimestt - DEBUG - Waiting for recording stop
2026-01-07 00:56:40.563 - RealTimeSTT: realtimestt - INFO - recording stopped
2026-01-07 00:56:40.564 - RealTimeSTT: realtimestt - DEBUG - No samples removed, final audio length: 38912
2026-01-07 00:56:40.564 - RealTimeSTT: realtimestt - INFO - State changed from 'recording' to 'inactive'
2026-01-07 00:56:40.564 - RealTimeSTT: realtimestt - INFO - State changed from 'inactive' to 'transcribing'
2026-01-07 00:56:40.564 - RealTimeSTT: realtimestt - DEBUG - Adding transcription request, no early transcription started
2026-01-07 00:56:40.581 - RealTimeSTT: realtimestt - DEBUG - Receive from parent_transcription_pipe after sendiung transcription request, transcribe_count: 1
2026-01-07 00:56:40.687 - RealTimeSTT: realtimestt - DEBUG - Receive from parent_transcription_pipe after sendiung transcription request, transcribe_count: 1
2026-01-07 00:56:40.797 - RealTimeSTT: realtimestt - DEBUG - Receive from parent_transcription_pipe after sendiung transcription request, transcribe_count: 1
2026-01-07 00:56:40.907 - RealTimeSTT: realtimestt - DEBUG - Receive from parent_transcription_pipe after sendiung transcription request, transcribe_count: 1
2026-01-07 00:56:41.015 - RealTimeSTT: realtimestt - INFO - State changed from 'transcribing' to 'inactive'
2026-01-07 00:56:41.015 - RealTimeSTT: realtimestt - DEBUG - Model large-v3-turbo completed transcription in 0.45 seconds
2026-01-07 00:56:41.016 - RealTimeSTT: realtimestt - INFO - Setting listen time
2026-01-07 00:56:41.016 - RealTimeSTT: realtimestt - INFO - State changed from 'inactive' to 'listening'
2026-01-07 00:56:41.016 - RealTimeSTT: realtimestt - DEBUG - Waiting for recording start
2026-01-07 00:56:42.163 - RealTimeSTT: realtimestt - INFO - voice activity detected
2026-01-07 00:56:42.163 - RealTimeSTT: realtimestt - INFO - recording started
2026-01-07 00:56:42.163 - RealTimeSTT: realtimestt - INFO - State changed from 'listening' to 'recording'
2026-01-07 00:56:42.164 - RealTimeSTT: realtimestt - DEBUG - Waiting for recording stop
2026-01-07 00:56:43.825 - RealTimeSTT: realtimestt - INFO - recording stopped
2026-01-07 00:56:43.827 - RealTimeSTT: realtimestt - DEBUG - No samples removed, final audio length: 43008
2026-01-07 00:56:43.827 - RealTimeSTT: realtimestt - INFO - State changed from 'recording' to 'inactive'
2026-01-07 00:56:43.827 - RealTimeSTT: realtimestt - INFO - State changed from 'inactive' to 'transcribing'
2026-01-07 00:56:43.828 - RealTimeSTT: realtimestt - DEBUG - Adding transcription request, no early transcription started
2026-01-07 00:56:43.829 - RealTimeSTT: realtimestt - DEBUG - Receive from parent_transcription_pipe after sendiung transcription request, transcribe_count: 1
2026-01-07 00:56:43.930 - RealTimeSTT: realtimestt - DEBUG - Receive from parent_transcription_pipe after sendiung transcription request, transcribe_count: 1
2026-01-07 00:56:44.041 - RealTimeSTT: realtimestt - DEBUG - Receive from parent_transcription_pipe after sendiung transcription request, transcribe_count: 1
2026-01-07 00:56:44.153 - RealTimeSTT: realtimestt - DEBUG - Receive from parent_transcription_pipe after sendiung transcription request, transcribe_count: 1
2026-01-07 00:56:44.263 - RealTimeSTT: realtimestt - DEBUG - Receive from parent_transcription_pipe after sendiung transcription request, transcribe_count: 1
2026-01-07 01:10:22.150 - RealTimeSTT: realtimestt - INFO - Starting RealTimeSTT
2026-01-07 01:10:23.636 - RealTimeSTT: realtimestt - INFO - Initializing audio recording (creating pyAudio input stream, sample rate: 16000 buffer size: 512
2026-01-07 01:10:23.641 - RealTimeSTT: realtimestt - INFO - Initializing WebRTC voice with Sensitivity 3
2026-01-07 01:10:23.642 - RealTimeSTT: realtimestt - DEBUG - WebRTC VAD voice activity detection engine initialized successfully
2026-01-07 01:10:24.185 - RealTimeSTT: realtimestt - DEBUG - Silero VAD voice activity detection engine initialized successfully
2026-01-07 01:10:24.187 - RealTimeSTT: realtimestt - DEBUG - Starting realtime worker
2026-01-07 01:10:24.187 - RealTimeSTT: realtimestt - DEBUG - Waiting for main transcription model to start
2026-01-07 01:10:37.924 - RealTimeSTT: realtimestt - DEBUG - Main transcription model ready
2026-01-07 01:10:37.926 - RealTimeSTT: realtimestt - DEBUG - RealtimeSTT initialization completed successfully
2026-01-07 01:10:37.926 - RealTimeSTT: realtimestt - INFO - Setting listen time
2026-01-07 01:10:37.927 - RealTimeSTT: realtimestt - INFO - State changed from 'inactive' to 'listening'
2026-01-07 01:10:37.927 - RealTimeSTT: realtimestt - DEBUG - Waiting for recording start
2026-01-07 01:10:41.640 - RealTimeSTT: realtimestt - INFO - voice activity detected
2026-01-07 01:10:41.640 - RealTimeSTT: realtimestt - INFO - recording started
2026-01-07 01:10:41.640 - RealTimeSTT: realtimestt - INFO - State changed from 'listening' to 'recording'
2026-01-07 01:10:41.640 - RealTimeSTT: realtimestt - DEBUG - Waiting for recording stop
2026-01-07 01:10:43.750 - RealTimeSTT: realtimestt - INFO - recording stopped
2026-01-07 01:10:43.750 - RealTimeSTT: realtimestt - DEBUG - No samples removed, final audio length: 50176
2026-01-07 01:10:43.751 - RealTimeSTT: realtimestt - INFO - State changed from 'recording' to 'inactive'
2026-01-07 01:10:43.751 - RealTimeSTT: realtimestt - INFO - State changed from 'inactive' to 'transcribing'
2026-01-07 01:10:43.751 - RealTimeSTT: realtimestt - DEBUG - Adding transcription request, no early transcription started
2026-01-07 01:10:43.752 - RealTimeSTT: realtimestt - DEBUG - Receive from parent_transcription_pipe after sendiung transcription request, transcribe_count: 1
2026-01-07 01:10:43.854 - RealTimeSTT: realtimestt - DEBUG - Receive from parent_transcription_pipe after sendiung transcription request, transcribe_count: 1
2026-01-07 01:10:43.964 - RealTimeSTT: realtimestt - DEBUG - Receive from parent_transcription_pipe after sendiung transcription request, transcribe_count: 1
2026-01-07 01:10:44.073 - RealTimeSTT: realtimestt - DEBUG - Receive from parent_transcription_pipe after sendiung transcription request, transcribe_count: 1
2026-01-07 01:10:44.183 - RealTimeSTT: realtimestt - DEBUG - Receive from parent_transcription_pipe after sendiung transcription request, transcribe_count: 1
2026-01-07 01:10:44.294 - RealTimeSTT: realtimestt - DEBUG - Receive from parent_transcription_pipe after sendiung transcription request, transcribe_count: 1
2026-01-07 01:10:44.403 - RealTimeSTT: realtimestt - DEBUG - Receive from parent_transcription_pipe after sendiung transcription request, transcribe_count: 1
2026-01-07 01:10:44.449 - RealTimeSTT: realtimestt - INFO - State changed from 'transcribing' to 'inactive'
2026-01-07 01:10:44.450 - RealTimeSTT: realtimestt - DEBUG - Model large-v3-turbo completed transcription in 0.70 seconds
2026-01-07 01:10:44.450 - RealTimeSTT: realtimestt - INFO - Setting listen time
2026-01-07 01:10:44.450 - RealTimeSTT: realtimestt - INFO - State changed from 'inactive' to 'listening'
2026-01-07 01:10:44.450 - RealTimeSTT: realtimestt - DEBUG - Waiting for recording start
2026-01-07 01:10:47.980 - RealTimeSTT: realtimestt - INFO - voice activity detected
2026-01-07 01:10:47.980 - RealTimeSTT: realtimestt - INFO - recording started
2026-01-07 01:10:47.980 - RealTimeSTT: realtimestt - INFO - State changed from 'listening' to 'recording'
2026-01-07 01:10:47.980 - RealTimeSTT: realtimestt - DEBUG - Waiting for recording stop
2026-01-07 01:10:49.130 - RealTimeSTT: realtimestt - INFO - recording stopped
2026-01-07 01:10:49.130 - RealTimeSTT: realtimestt - DEBUG - No samples removed, final audio length: 34816
2026-01-07 01:10:49.130 - RealTimeSTT: realtimestt - INFO - State changed from 'recording' to 'inactive'
2026-01-07 01:10:49.131 - RealTimeSTT: realtimestt - INFO - State changed from 'inactive' to 'transcribing'
2026-01-07 01:10:49.131 - RealTimeSTT: realtimestt - DEBUG - Adding transcription request, no early transcription started
2026-01-07 01:10:49.131 - RealTimeSTT: realtimestt - DEBUG - Receive from parent_transcription_pipe after sendiung transcription request, transcribe_count: 1
2026-01-07 01:10:49.242 - RealTimeSTT: realtimestt - DEBUG - Receive from parent_transcription_pipe after sendiung transcription request, transcribe_count: 1
2026-01-07 01:10:49.352 - RealTimeSTT: realtimestt - DEBUG - Receive from parent_transcription_pipe after sendiung transcription request, transcribe_count: 1
2026-01-07 01:10:49.462 - RealTimeSTT: realtimestt - DEBUG - Receive from parent_transcription_pipe after sendiung transcription request, transcribe_count: 1
2026-01-07 01:10:49.571 - RealTimeSTT: realtimestt - DEBUG - Receive from parent_transcription_pipe after sendiung transcription request, transcribe_count: 1
2026-01-07 01:10:49.682 - RealTimeSTT: realtimestt - DEBUG - Receive from parent_transcription_pipe after sendiung transcription request, transcribe_count: 1
2026-01-07 01:10:49.792 - RealTimeSTT: realtimestt - DEBUG - Receive from parent_transcription_pipe after sendiung transcription request, transcribe_count: 1
2026-01-07 01:10:49.821 - RealTimeSTT: realtimestt - INFO - State changed from 'transcribing' to 'inactive'
2026-01-07 01:10:49.821 - RealTimeSTT: realtimestt - DEBUG - Model large-v3-turbo completed transcription in 0.69 seconds
2026-01-07 01:10:49.822 - RealTimeSTT: realtimestt - INFO - Setting listen time
2026-01-07 01:10:49.822 - RealTimeSTT: realtimestt - INFO - State changed from 'inactive' to 'listening'
2026-01-07 01:10:49.822 - RealTimeSTT: realtimestt - DEBUG - Waiting for recording start
2026-01-07 01:10:51.631 - RealTimeSTT: realtimestt - INFO - voice activity detected
2026-01-07 01:10:51.631 - RealTimeSTT: realtimestt - INFO - recording started
2026-01-07 01:10:51.631 - RealTimeSTT: realtimestt - INFO - State changed from 'listening' to 'recording'
2026-01-07 01:10:51.631 - RealTimeSTT: realtimestt - DEBUG - Waiting for recording stop
2026-01-07 01:10:52.781 - RealTimeSTT: realtimestt - INFO - recording stopped
2026-01-07 01:10:52.783 - RealTimeSTT: realtimestt - DEBUG - No samples removed, final audio length: 34816
2026-01-07 01:10:52.783 - RealTimeSTT: realtimestt - INFO - State changed from 'recording' to 'inactive'
2026-01-07 01:10:52.783 - RealTimeSTT: realtimestt - INFO - State changed from 'inactive' to 'transcribing'
2026-01-07 01:10:52.783 - RealTimeSTT: realtimestt - DEBUG - Adding transcription request, no early transcription started
2026-01-07 01:10:52.791 - RealTimeSTT: realtimestt - DEBUG - Receive from parent_transcription_pipe after sendiung transcription request, transcribe_count: 1
2026-01-07 01:10:52.896 - RealTimeSTT: realtimestt - DEBUG - Receive from parent_transcription_pipe after sendiung transcription request, transcribe_count: 1
2026-01-07 01:10:53.007 - RealTimeSTT: realtimestt - DEBUG - Receive from parent_transcription_pipe after sendiung transcription request, transcribe_count: 1
2026-01-07 01:10:53.116 - RealTimeSTT: realtimestt - DEBUG - Receive from parent_transcription_pipe after sendiung transcription request, transcribe_count: 1
2026-01-07 01:10:53.228 - RealTimeSTT: realtimestt - DEBUG - Receive from parent_transcription_pipe after sendiung transcription request, transcribe_count: 1
2026-01-07 01:10:53.338 - RealTimeSTT: realtimestt - DEBUG - Receive from parent_transcription_pipe after sendiung transcription request, transcribe_count: 1
2026-01-07 01:10:53.408 - RealTimeSTT: realtimestt - INFO - State changed from 'transcribing' to 'inactive'
2026-01-07 01:10:53.408 - RealTimeSTT: realtimestt - DEBUG - Model large-v3-turbo completed transcription in 0.62 seconds
2026-01-07 01:10:53.408 - RealTimeSTT: realtimestt - INFO - Setting listen time
2026-01-07 01:10:53.409 - RealTimeSTT: realtimestt - INFO - State changed from 'inactive' to 'listening'
2026-01-07 01:10:53.409 - RealTimeSTT: realtimestt - DEBUG - Waiting for recording start
2026-01-07 01:10:58.790 - RealTimeSTT: realtimestt - INFO - voice activity detected
2026-01-07 01:10:58.790 - RealTimeSTT: realtimestt - INFO - recording started
2026-01-07 01:10:58.790 - RealTimeSTT: realtimestt - INFO - State changed from 'listening' to 'recording'
2026-01-07 01:10:58.790 - RealTimeSTT: realtimestt - DEBUG - Waiting for recording stop
2026-01-07 01:10:59.950 - RealTimeSTT: realtimestt - INFO - recording stopped
2026-01-07 01:10:59.950 - RealTimeSTT: realtimestt - DEBUG - No samples removed, final audio length: 34816
2026-01-07 01:10:59.950 - RealTimeSTT: realtimestt - INFO - State changed from 'recording' to 'inactive'
2026-01-07 01:10:59.951 - RealTimeSTT: realtimestt - INFO - State changed from 'inactive' to 'transcribing'
2026-01-07 01:10:59.951 - RealTimeSTT: realtimestt - DEBUG - Adding transcription request, no early transcription started
2026-01-07 01:10:59.951 - RealTimeSTT: realtimestt - DEBUG - Receive from parent_transcription_pipe after sendiung transcription request, transcribe_count: 1
2026-01-07 01:11:00.066 - RealTimeSTT: realtimestt - DEBUG - Receive from parent_transcription_pipe after sendiung transcription request, transcribe_count: 1
2026-01-07 01:11:00.179 - RealTimeSTT: realtimestt - DEBUG - Receive from parent_transcription_pipe after sendiung transcription request, transcribe_count: 1
2026-01-07 01:11:00.289 - RealTimeSTT: realtimestt - DEBUG - Receive from parent_transcription_pipe after sendiung transcription request, transcribe_count: 1
2026-01-07 01:11:00.400 - RealTimeSTT: realtimestt - DEBUG - Receive from parent_transcription_pipe after sendiung transcription request, transcribe_count: 1
2026-01-07 01:11:00.507 - RealTimeSTT: realtimestt - DEBUG - Receive from parent_transcription_pipe after sendiung transcription request, transcribe_count: 1
2026-01-07 01:11:00.618 - RealTimeSTT: realtimestt - DEBUG - Receive from parent_transcription_pipe after sendiung transcription request, transcribe_count: 1
2026-01-07 01:11:00.631 - RealTimeSTT: realtimestt - INFO - State changed from 'transcribing' to 'inactive'
2026-01-07 01:11:00.631 - RealTimeSTT: realtimestt - DEBUG - Model large-v3-turbo completed transcription in 0.68 seconds
2026-01-07 01:11:00.632 - RealTimeSTT: realtimestt - INFO - Setting listen time
2026-01-07 01:11:00.632 - RealTimeSTT: realtimestt - INFO - State changed from 'inactive' to 'listening'
2026-01-07 01:11:00.632 - RealTimeSTT: realtimestt - DEBUG - Waiting for recording start
2026-01-07 01:11:03.980 - RealTimeSTT: realtimestt - INFO - voice activity detected
2026-01-07 01:11:03.980 - RealTimeSTT: realtimestt - INFO - recording started
2026-01-07 01:11:03.980 - RealTimeSTT: realtimestt - INFO - State changed from 'listening' to 'recording'
2026-01-07 01:11:03.980 - RealTimeSTT: realtimestt - DEBUG - Waiting for recording stop
2026-01-07 01:11:05.132 - RealTimeSTT: realtimestt - INFO - recording stopped
2026-01-07 01:11:05.133 - RealTimeSTT: realtimestt - DEBUG - No samples removed, final audio length: 34816
2026-01-07 01:11:05.134 - RealTimeSTT: realtimestt - INFO - State changed from 'recording' to 'inactive'
2026-01-07 01:11:05.134 - RealTimeSTT: realtimestt - INFO - State changed from 'inactive' to 'transcribing'
2026-01-07 01:11:05.134 - RealTimeSTT: realtimestt - DEBUG - Adding transcription request, no early transcription started
2026-01-07 01:11:05.135 - RealTimeSTT: realtimestt - DEBUG - Receive from parent_transcription_pipe after sendiung transcription request, transcribe_count: 1
2026-01-07 01:11:05.236 - RealTimeSTT: realtimestt - DEBUG - Receive from parent_transcription_pipe after sendiung transcription request, transcribe_count: 1
2026-01-07 01:11:05.347 - RealTimeSTT: realtimestt - DEBUG - Receive from parent_transcription_pipe after sendiung transcription request, transcribe_count: 1
2026-01-07 01:11:05.457 - RealTimeSTT: realtimestt - DEBUG - Receive from parent_transcription_pipe after sendiung transcription request, transcribe_count: 1
2026-01-07 01:11:05.567 - RealTimeSTT: realtimestt - DEBUG - Receive from parent_transcription_pipe after sendiung transcription request, transcribe_count: 1
2026-01-07 01:11:05.676 - RealTimeSTT: realtimestt - DEBUG - Receive from parent_transcription_pipe after sendiung transcription request, transcribe_count: 1
2026-01-07 01:11:05.786 - RealTimeSTT: realtimestt - DEBUG - Receive from parent_transcription_pipe after sendiung transcription request, transcribe_count: 1
2026-01-07 01:11:05.806 - RealTimeSTT: realtimestt - INFO - State changed from 'transcribing' to 'inactive'
2026-01-07 01:11:05.806 - RealTimeSTT: realtimestt - DEBUG - Model large-v3-turbo completed transcription in 0.67 seconds
2026-01-07 01:11:05.807 - RealTimeSTT: realtimestt - INFO - Setting listen time
2026-01-07 01:11:05.807 - RealTimeSTT: realtimestt - INFO - State changed from 'inactive' to 'listening'
2026-01-07 01:11:05.807 - RealTimeSTT: realtimestt - DEBUG - Waiting for recording start
2026-01-07 01:11:07.630 - RealTimeSTT: realtimestt - INFO - voice activity detected
2026-01-07 01:11:07.630 - RealTimeSTT: realtimestt - INFO - recording started
2026-01-07 01:11:07.630 - RealTimeSTT: realtimestt - INFO - State changed from 'listening' to 'recording'
2026-01-07 01:11:07.630 - RealTimeSTT: realtimestt - DEBUG - Waiting for recording stop
2026-01-07 01:11:08.781 - RealTimeSTT: realtimestt - INFO - recording stopped
2026-01-07 01:11:08.782 - RealTimeSTT: realtimestt - DEBUG - No samples removed, final audio length: 34816
2026-01-07 01:11:08.782 - RealTimeSTT: realtimestt - INFO - State changed from 'recording' to 'inactive'
2026-01-07 01:11:08.783 - RealTimeSTT: realtimestt - INFO - State changed from 'inactive' to 'transcribing'
2026-01-07 01:11:08.783 - RealTimeSTT: realtimestt - DEBUG - Adding transcription request, no early transcription started
2026-01-07 01:11:08.784 - RealTimeSTT: realtimestt - DEBUG - Receive from parent_transcription_pipe after sendiung transcription request, transcribe_count: 1
2026-01-07 01:11:08.889 - RealTimeSTT: realtimestt - DEBUG - Receive from parent_transcription_pipe after sendiung transcription request, transcribe_count: 1
2026-01-07 01:11:08.998 - RealTimeSTT: realtimestt - DEBUG - Receive from parent_transcription_pipe after sendiung transcription request, transcribe_count: 1
2026-01-07 01:11:09.109 - RealTimeSTT: realtimestt - DEBUG - Receive from parent_transcription_pipe after sendiung transcription request, transcribe_count: 1
2026-01-07 01:11:09.219 - RealTimeSTT: realtimestt - DEBUG - Receive from parent_transcription_pipe after sendiung transcription request, transcribe_count: 1
2026-01-07 01:11:09.330 - RealTimeSTT: realtimestt - DEBUG - Receive from parent_transcription_pipe after sendiung transcription request, transcribe_count: 1
2026-01-07 01:11:09.408 - RealTimeSTT: realtimestt - INFO - State changed from 'transcribing' to 'inactive'
2026-01-07 01:11:09.409 - RealTimeSTT: realtimestt - DEBUG - Model large-v3-turbo completed transcription in 0.63 seconds
2026-01-07 01:11:09.409 - RealTimeSTT: realtimestt - INFO - Setting listen time
2026-01-07 01:11:09.410 - RealTimeSTT: realtimestt - INFO - State changed from 'inactive' to 'listening'
2026-01-07 01:11:09.410 - RealTimeSTT: realtimestt - DEBUG - Waiting for recording start
2026-01-07 01:11:10.760 - RealTimeSTT: realtimestt - INFO - voice activity detected
2026-01-07 01:11:10.760 - RealTimeSTT: realtimestt - INFO - recording started
2026-01-07 01:11:10.760 - RealTimeSTT: realtimestt - INFO - State changed from 'listening' to 'recording'
2026-01-07 01:11:10.760 - RealTimeSTT: realtimestt - DEBUG - Waiting for recording stop
2026-01-07 01:11:11.911 - RealTimeSTT: realtimestt - INFO - recording stopped
2026-01-07 01:11:11.913 - RealTimeSTT: realtimestt - DEBUG - No samples removed, final audio length: 34816
2026-01-07 01:11:11.913 - RealTimeSTT: realtimestt - INFO - State changed from 'recording' to 'inactive'
2026-01-07 01:11:11.913 - RealTimeSTT: realtimestt - INFO - State changed from 'inactive' to 'transcribing'
2026-01-07 01:11:11.913 - RealTimeSTT: realtimestt - DEBUG - Adding transcription request, no early transcription started
2026-01-07 01:11:11.927 - RealTimeSTT: realtimestt - DEBUG - Receive from parent_transcription_pipe after sendiung transcription request, transcribe_count: 1
2026-01-07 01:11:12.032 - RealTimeSTT: realtimestt - DEBUG - Receive from parent_transcription_pipe after sendiung transcription request, transcribe_count: 1
2026-01-07 01:11:12.142 - RealTimeSTT: realtimestt - DEBUG - Receive from parent_transcription_pipe after sendiung transcription request, transcribe_count: 1
2026-01-07 01:11:12.252 - RealTimeSTT: realtimestt - DEBUG - Receive from parent_transcription_pipe after sendiung transcription request, transcribe_count: 1
2026-01-07 01:11:12.360 - RealTimeSTT: realtimestt - DEBUG - Receive from parent_transcription_pipe after sendiung transcription request, transcribe_count: 1
2026-01-07 01:11:12.469 - RealTimeSTT: realtimestt - DEBUG - Receive from parent_transcription_pipe after sendiung transcription request, transcribe_count: 1
2026-01-07 01:11:12.579 - RealTimeSTT: realtimestt - DEBUG - Receive from parent_transcription_pipe after sendiung transcription request, transcribe_count: 1
2026-01-07 01:11:12.585 - RealTimeSTT: realtimestt - INFO - State changed from 'transcribing' to 'inactive'
2026-01-07 01:11:12.586 - RealTimeSTT: realtimestt - DEBUG - Model large-v3-turbo completed transcription in 0.67 seconds
2026-01-07 01:11:12.586 - RealTimeSTT: realtimestt - INFO - Setting listen time
2026-01-07 01:11:12.586 - RealTimeSTT: realtimestt - INFO - State changed from 'inactive' to 'listening'
2026-01-07 01:11:12.586 - RealTimeSTT: realtimestt - DEBUG - Waiting for recording start
2026-01-07 01:11:16.781 - RealTimeSTT: realtimestt - INFO - voice activity detected
2026-01-07 01:11:16.781 - RealTimeSTT: realtimestt - INFO - recording started
2026-01-07 01:11:16.781 - RealTimeSTT: realtimestt - INFO - State changed from 'listening' to 'recording'
2026-01-07 01:11:16.782 - RealTimeSTT: realtimestt - DEBUG - Waiting for recording stop
2026-01-07 01:11:17.931 - RealTimeSTT: realtimestt - INFO - recording stopped
2026-01-07 01:11:17.932 - RealTimeSTT: realtimestt - DEBUG - No samples removed, final audio length: 34816
2026-01-07 01:11:17.933 - RealTimeSTT: realtimestt - INFO - State changed from 'recording' to 'inactive'
2026-01-07 01:11:17.933 - RealTimeSTT: realtimestt - INFO - State changed from 'inactive' to 'transcribing'
2026-01-07 01:11:17.933 - RealTimeSTT: realtimestt - DEBUG - Adding transcription request, no early transcription started
2026-01-07 01:11:17.934 - RealTimeSTT: realtimestt - DEBUG - Receive from parent_transcription_pipe after sendiung transcription request, transcribe_count: 1
2026-01-07 01:11:18.035 - RealTimeSTT: realtimestt - DEBUG - Receive from parent_transcription_pipe after sendiung transcription request, transcribe_count: 1
2026-01-07 01:11:18.145 - RealTimeSTT: realtimestt - DEBUG - Receive from parent_transcription_pipe after sendiung transcription request, transcribe_count: 1
2026-01-07 01:11:18.255 - RealTimeSTT: realtimestt - DEBUG - Receive from parent_transcription_pipe after sendiung transcription request, transcribe_count: 1
2026-01-07 01:11:18.368 - RealTimeSTT: realtimestt - DEBUG - Receive from parent_transcription_pipe after sendiung transcription request, transcribe_count: 1
2026-01-07 01:11:18.478 - RealTimeSTT: realtimestt - DEBUG - Receive from parent_transcription_pipe after sendiung transcription request, transcribe_count: 1
2026-01-07 01:11:18.589 - RealTimeSTT: realtimestt - DEBUG - Receive from parent_transcription_pipe after sendiung transcription request, transcribe_count: 1
2026-01-07 01:11:18.622 - RealTimeSTT: realtimestt - INFO - State changed from 'transcribing' to 'inactive'
2026-01-07 01:11:18.623 - RealTimeSTT: realtimestt - DEBUG - Model large-v3-turbo completed transcription in 0.69 seconds
2026-01-07 01:11:18.623 - RealTimeSTT: realtimestt - INFO - Setting listen time
2026-01-07 01:11:18.623 - RealTimeSTT: realtimestt - INFO - State changed from 'inactive' to 'listening'
2026-01-07 01:11:18.623 - RealTimeSTT: realtimestt - DEBUG - Waiting for recording start
2026-01-07 01:11:21.390 - RealTimeSTT: realtimestt - INFO - voice activity detected
2026-01-07 01:11:21.390 - RealTimeSTT: realtimestt - INFO - recording started
2026-01-07 01:11:21.390 - RealTimeSTT: realtimestt - INFO - State changed from 'listening' to 'recording'
2026-01-07 01:11:21.390 - RealTimeSTT: realtimestt - DEBUG - Waiting for recording stop
2026-01-07 01:11:22.540 - RealTimeSTT: realtimestt - INFO - recording stopped
2026-01-07 01:11:22.552 - RealTimeSTT: realtimestt - DEBUG - No samples removed, final audio length: 34816
2026-01-07 01:11:22.553 - RealTimeSTT: realtimestt - INFO - State changed from 'recording' to 'inactive'
2026-01-07 01:11:22.553 - RealTimeSTT: realtimestt - INFO - State changed from 'inactive' to 'transcribing'
2026-01-07 01:11:22.553 - RealTimeSTT: realtimestt - DEBUG - Adding transcription request, no early transcription started
2026-01-07 01:11:22.553 - RealTimeSTT: realtimestt - DEBUG - Receive from parent_transcription_pipe after sendiung transcription request, transcribe_count: 1
2026-01-07 01:11:22.664 - RealTimeSTT: realtimestt - DEBUG - Receive from parent_transcription_pipe after sendiung transcription request, transcribe_count: 1
2026-01-07 01:11:22.774 - RealTimeSTT: realtimestt - DEBUG - Receive from parent_transcription_pipe after sendiung transcription request, transcribe_count: 1
2026-01-07 01:11:22.885 - RealTimeSTT: realtimestt - DEBUG - Receive from parent_transcription_pipe after sendiung transcription request, transcribe_count: 1
2026-01-07 01:11:22.995 - RealTimeSTT: realtimestt - DEBUG - Receive from parent_transcription_pipe after sendiung transcription request, transcribe_count: 1
2026-01-07 01:11:23.106 - RealTimeSTT: realtimestt - DEBUG - Receive from parent_transcription_pipe after sendiung transcription request, transcribe_count: 1
2026-01-07 01:11:23.207 - RealTimeSTT: realtimestt - INFO - State changed from 'transcribing' to 'inactive'
2026-01-07 01:11:23.207 - RealTimeSTT: realtimestt - DEBUG - Model large-v3-turbo completed transcription in 0.65 seconds
2026-01-07 01:11:23.208 - RealTimeSTT: realtimestt - INFO - Setting listen time
2026-01-07 01:11:23.208 - RealTimeSTT: realtimestt - INFO - State changed from 'inactive' to 'listening'
2026-01-07 01:11:23.208 - RealTimeSTT: realtimestt - DEBUG - Waiting for recording start
2026-01-07 01:11:25.030 - RealTimeSTT: realtimestt - INFO - voice activity detected
2026-01-07 01:11:25.030 - RealTimeSTT: realtimestt - INFO - recording started
2026-01-07 01:11:25.030 - RealTimeSTT: realtimestt - INFO - State changed from 'listening' to 'recording'
2026-01-07 01:11:25.030 - RealTimeSTT: realtimestt - DEBUG - Waiting for recording stop
2026-01-07 01:11:26.192 - RealTimeSTT: realtimestt - INFO - recording stopped
2026-01-07 01:11:26.194 - RealTimeSTT: realtimestt - DEBUG - No samples removed, final audio length: 34816
2026-01-07 01:11:26.194 - RealTimeSTT: realtimestt - INFO - State changed from 'recording' to 'inactive'
2026-01-07 01:11:26.194 - RealTimeSTT: realtimestt - INFO - State changed from 'inactive' to 'transcribing'
2026-01-07 01:11:26.194 - RealTimeSTT: realtimestt - DEBUG - Adding transcription request, no early transcription started
2026-01-07 01:11:26.196 - RealTimeSTT: realtimestt - DEBUG - Receive from parent_transcription_pipe after sendiung transcription request, transcribe_count: 1
2026-01-07 01:11:26.306 - RealTimeSTT: realtimestt - DEBUG - Receive from parent_transcription_pipe after sendiung transcription request, transcribe_count: 1
2026-01-07 01:11:26.417 - RealTimeSTT: realtimestt - DEBUG - Receive from parent_transcription_pipe after sendiung transcription request, transcribe_count: 1
2026-01-07 01:11:26.529 - RealTimeSTT: realtimestt - DEBUG - Receive from parent_transcription_pipe after sendiung transcription request, transcribe_count: 1
2026-01-07 01:11:26.640 - RealTimeSTT: realtimestt - DEBUG - Receive from parent_transcription_pipe after sendiung transcription request, transcribe_count: 1
2026-01-07 01:11:26.749 - RealTimeSTT: realtimestt - DEBUG - Receive from parent_transcription_pipe after sendiung transcription request, transcribe_count: 1
2026-01-07 01:11:26.808 - RealTimeSTT: realtimestt - INFO - State changed from 'transcribing' to 'inactive'
2026-01-07 01:11:26.808 - RealTimeSTT: realtimestt - DEBUG - Model large-v3-turbo completed transcription in 0.61 seconds
2026-01-07 01:11:26.809 - RealTimeSTT: realtimestt - INFO - Setting listen time
2026-01-07 01:11:26.809 - RealTimeSTT: realtimestt - INFO - State changed from 'inactive' to 'listening'
2026-01-07 01:11:26.809 - RealTimeSTT: realtimestt - DEBUG - Waiting for recording start
2026-01-07 01:11:27.980 - RealTimeSTT: realtimestt - INFO - voice activity detected
2026-01-07 01:11:27.983 - RealTimeSTT: realtimestt - INFO - recording started
2026-01-07 01:11:27.984 - RealTimeSTT: realtimestt - INFO - State changed from 'listening' to 'recording'
2026-01-07 01:11:27.984 - RealTimeSTT: realtimestt - DEBUG - Waiting for recording stop
2026-01-07 01:11:29.132 - RealTimeSTT: realtimestt - INFO - recording stopped
2026-01-07 01:11:29.133 - RealTimeSTT: realtimestt - DEBUG - No samples removed, final audio length: 34816
2026-01-07 01:11:29.134 - RealTimeSTT: realtimestt - INFO - State changed from 'recording' to 'inactive'
2026-01-07 01:11:29.134 - RealTimeSTT: realtimestt - INFO - State changed from 'inactive' to 'transcribing'
2026-01-07 01:11:29.134 - RealTimeSTT: realtimestt - DEBUG - Adding transcription request, no early transcription started
2026-01-07 01:11:29.136 - RealTimeSTT: realtimestt - DEBUG - Receive from parent_transcription_pipe after sendiung transcription request, transcribe_count: 1
2026-01-07 01:11:29.244 - RealTimeSTT: realtimestt - DEBUG - Receive from parent_transcription_pipe after sendiung transcription request, transcribe_count: 1
2026-01-07 01:11:29.353 - RealTimeSTT: realtimestt - DEBUG - Receive from parent_transcription_pipe after sendiung transcription request, transcribe_count: 1
2026-01-07 01:11:29.460 - RealTimeSTT: realtimestt - DEBUG - Receive from parent_transcription_pipe after sendiung transcription request, transcribe_count: 1
2026-01-07 01:11:29.571 - RealTimeSTT: realtimestt - DEBUG - Receive from parent_transcription_pipe after sendiung transcription request, transcribe_count: 1
2026-01-07 01:11:29.680 - RealTimeSTT: realtimestt - DEBUG - Receive from parent_transcription_pipe after sendiung transcription request, transcribe_count: 1
2026-01-07 01:11:29.784 - RealTimeSTT: realtimestt - INFO - State changed from 'transcribing' to 'inactive'
2026-01-07 01:11:29.785 - RealTimeSTT: realtimestt - DEBUG - Model large-v3-turbo completed transcription in 0.65 seconds
2026-01-07 01:11:29.785 - RealTimeSTT: realtimestt - INFO - Setting listen time
2026-01-07 01:11:29.785 - RealTimeSTT: realtimestt - INFO - State changed from 'inactive' to 'listening'
2026-01-07 01:11:29.785 - RealTimeSTT: realtimestt - DEBUG - Waiting for recording start
2026-01-07 01:11:37.000 - RealTimeSTT: realtimestt - INFO - voice activity detected
2026-01-07 01:11:37.000 - RealTimeSTT: realtimestt - INFO - recording started
2026-01-07 01:11:37.000 - RealTimeSTT: realtimestt - INFO - State changed from 'listening' to 'recording'
2026-01-07 01:11:37.000 - RealTimeSTT: realtimestt - DEBUG - Waiting for recording stop
2026-01-07 01:11:38.150 - RealTimeSTT: realtimestt - INFO - recording stopped
2026-01-07 01:11:38.150 - RealTimeSTT: realtimestt - DEBUG - No samples removed, final audio length: 34816
2026-01-07 01:11:38.150 - RealTimeSTT: realtimestt - INFO - State changed from 'recording' to 'inactive'
2026-01-07 01:11:38.150 - RealTimeSTT: realtimestt - INFO - State changed from 'inactive' to 'transcribing'
2026-01-07 01:11:38.151 - RealTimeSTT: realtimestt - DEBUG - Adding transcription request, no early transcription started
2026-01-07 01:11:38.162 - RealTimeSTT: realtimestt - DEBUG - Receive from parent_transcription_pipe after sendiung transcription request, transcribe_count: 1
2026-01-07 01:11:38.266 - RealTimeSTT: realtimestt - DEBUG - Receive from parent_transcription_pipe after sendiung transcription request, transcribe_count: 1
2026-01-07 01:11:38.378 - RealTimeSTT: realtimestt - DEBUG - Receive from parent_transcription_pipe after sendiung transcription request, transcribe_count: 1
2026-01-07 01:11:38.487 - RealTimeSTT: realtimestt - DEBUG - Receive from parent_transcription_pipe after sendiung transcription request, transcribe_count: 1
2026-01-07 01:11:38.596 - RealTimeSTT: realtimestt - DEBUG - Receive from parent_transcription_pipe after sendiung transcription request, transcribe_count: 1
2026-01-07 01:11:38.707 - RealTimeSTT: realtimestt - DEBUG - Receive from parent_transcription_pipe after sendiung transcription request, transcribe_count: 1
2026-01-07 01:11:38.818 - RealTimeSTT: realtimestt - DEBUG - Receive from parent_transcription_pipe after sendiung transcription request, transcribe_count: 1
2026-01-07 01:11:38.822 - RealTimeSTT: realtimestt - INFO - State changed from 'transcribing' to 'inactive'
2026-01-07 01:11:38.822 - RealTimeSTT: realtimestt - DEBUG - Model large-v3-turbo completed transcription in 0.67 seconds
2026-01-07 01:11:38.823 - RealTimeSTT: realtimestt - INFO - Setting listen time
2026-01-07 01:11:38.823 - RealTimeSTT: realtimestt - INFO - State changed from 'inactive' to 'listening'
2026-01-07 01:11:38.823 - RealTimeSTT: realtimestt - DEBUG - Waiting for recording start
2026-01-07 01:11:40.710 - RealTimeSTT: realtimestt - INFO - voice activity detected
2026-01-07 01:11:40.710 - RealTimeSTT: realtimestt - INFO - recording started
2026-01-07 01:11:40.710 - RealTimeSTT: realtimestt - INFO - State changed from 'listening' to 'recording'
2026-01-07 01:11:40.710 - RealTimeSTT: realtimestt - DEBUG - Waiting for recording stop
2026-01-07 01:11:41.870 - RealTimeSTT: realtimestt - INFO - recording stopped
2026-01-07 01:11:41.870 - RealTimeSTT: realtimestt - DEBUG - No samples removed, final audio length: 34816
2026-01-07 01:11:41.871 - RealTimeSTT: realtimestt - INFO - State changed from 'recording' to 'inactive'
2026-01-07 01:11:41.871 - RealTimeSTT: realtimestt - INFO - State changed from 'inactive' to 'transcribing'
2026-01-07 01:11:41.871 - RealTimeSTT: realtimestt - DEBUG - Adding transcription request, no early transcription started
2026-01-07 01:11:41.891 - RealTimeSTT: realtimestt - DEBUG - Receive from parent_transcription_pipe after sendiung transcription request, transcribe_count: 1
2026-01-07 01:11:41.997 - RealTimeSTT: realtimestt - DEBUG - Receive from parent_transcription_pipe after sendiung transcription request, transcribe_count: 1
2026-01-07 01:11:42.107 - RealTimeSTT: realtimestt - DEBUG - Receive from parent_transcription_pipe after sendiung transcription request, transcribe_count: 1
2026-01-07 01:11:42.219 - RealTimeSTT: realtimestt - DEBUG - Receive from parent_transcription_pipe after sendiung transcription request, transcribe_count: 1
2026-01-07 01:11:42.328 - RealTimeSTT: realtimestt - DEBUG - Receive from parent_transcription_pipe after sendiung transcription request, transcribe_count: 1
2026-01-07 01:11:42.439 - RealTimeSTT: realtimestt - DEBUG - Receive from parent_transcription_pipe after sendiung transcription request, transcribe_count: 1
2026-01-07 01:11:42.549 - RealTimeSTT: realtimestt - DEBUG - Receive from parent_transcription_pipe after sendiung transcription request, transcribe_count: 1
2026-01-07 01:11:42.574 - RealTimeSTT: realtimestt - INFO - State changed from 'transcribing' to 'inactive'
2026-01-07 01:11:42.574 - RealTimeSTT: realtimestt - DEBUG - Model large-v3-turbo completed transcription in 0.70 seconds
2026-01-07 01:11:42.575 - RealTimeSTT: realtimestt - INFO - Setting listen time
2026-01-07 01:11:42.575 - RealTimeSTT: realtimestt - INFO - State changed from 'inactive' to 'listening'
2026-01-07 01:11:42.575 - RealTimeSTT: realtimestt - DEBUG - Waiting for recording start
2026-01-07 01:11:43.530 - RealTimeSTT: realtimestt - INFO - voice activity detected
2026-01-07 01:11:43.530 - RealTimeSTT: realtimestt - INFO - recording started
2026-01-07 01:11:43.530 - RealTimeSTT: realtimestt - INFO - State changed from 'listening' to 'recording'
2026-01-07 01:11:43.530 - RealTimeSTT: realtimestt - DEBUG - Waiting for recording stop
2026-01-07 01:11:44.680 - RealTimeSTT: realtimestt - INFO - recording stopped
2026-01-07 01:11:44.680 - RealTimeSTT: realtimestt - DEBUG - No samples removed, final audio length: 34816
2026-01-07 01:11:44.680 - RealTimeSTT: realtimestt - INFO - State changed from 'recording' to 'inactive'
2026-01-07 01:11:44.681 - RealTimeSTT: realtimestt - INFO - State changed from 'inactive' to 'transcribing'
2026-01-07 01:11:44.681 - RealTimeSTT: realtimestt - DEBUG - Adding transcription request, no early transcription started
2026-01-07 01:11:44.681 - RealTimeSTT: realtimestt - DEBUG - Receive from parent_transcription_pipe after sendiung transcription request, transcribe_count: 1
2026-01-07 01:11:44.787 - RealTimeSTT: realtimestt - DEBUG - Receive from parent_transcription_pipe after sendiung transcription request, transcribe_count: 1
2026-01-07 01:11:44.897 - RealTimeSTT: realtimestt - DEBUG - Receive from parent_transcription_pipe after sendiung transcription request, transcribe_count: 1
2026-01-07 01:11:45.007 - RealTimeSTT: realtimestt - DEBUG - Receive from parent_transcription_pipe after sendiung transcription request, transcribe_count: 1
2026-01-07 01:11:45.117 - RealTimeSTT: realtimestt - DEBUG - Receive from parent_transcription_pipe after sendiung transcription request, transcribe_count: 1
2026-01-07 01:11:45.228 - RealTimeSTT: realtimestt - DEBUG - Receive from parent_transcription_pipe after sendiung transcription request, transcribe_count: 1
2026-01-07 01:11:45.340 - RealTimeSTT: realtimestt - DEBUG - Receive from parent_transcription_pipe after sendiung transcription request, transcribe_count: 1
2026-01-07 01:11:45.342 - RealTimeSTT: realtimestt - INFO - State changed from 'transcribing' to 'inactive'
2026-01-07 01:11:45.343 - RealTimeSTT: realtimestt - DEBUG - Model large-v3-turbo completed transcription in 0.66 seconds
2026-01-07 01:11:45.343 - RealTimeSTT: realtimestt - INFO - Setting listen time
2026-01-07 01:11:45.343 - RealTimeSTT: realtimestt - INFO - State changed from 'inactive' to 'listening'
2026-01-07 01:11:45.343 - RealTimeSTT: realtimestt - DEBUG - Waiting for recording start
2026-01-07 01:11:46.471 - RealTimeSTT: realtimestt - INFO - voice activity detected
2026-01-07 01:11:46.471 - RealTimeSTT: realtimestt - INFO - recording started
2026-01-07 01:11:46.471 - RealTimeSTT: realtimestt - INFO - State changed from 'listening' to 'recording'
2026-01-07 01:11:46.471 - RealTimeSTT: realtimestt - DEBUG - Waiting for recording stop
2026-01-07 01:11:47.631 - RealTimeSTT: realtimestt - INFO - recording stopped
2026-01-07 01:11:47.633 - RealTimeSTT: realtimestt - DEBUG - No samples removed, final audio length: 34816
2026-01-07 01:11:47.633 - RealTimeSTT: realtimestt - INFO - State changed from 'recording' to 'inactive'
2026-01-07 01:11:47.633 - RealTimeSTT: realtimestt - INFO - State changed from 'inactive' to 'transcribing'
2026-01-07 01:11:47.633 - RealTimeSTT: realtimestt - DEBUG - Adding transcription request, no early transcription started
2026-01-07 01:11:47.655 - RealTimeSTT: realtimestt - DEBUG - Receive from parent_transcription_pipe after sendiung transcription request, transcribe_count: 1
2026-01-07 01:11:47.760 - RealTimeSTT: realtimestt - DEBUG - Receive from parent_transcription_pipe after sendiung transcription request, transcribe_count: 1
2026-01-07 01:11:47.872 - RealTimeSTT: realtimestt - DEBUG - Receive from parent_transcription_pipe after sendiung transcription request, transcribe_count: 1
2026-01-07 01:11:47.981 - RealTimeSTT: realtimestt - DEBUG - Receive from parent_transcription_pipe after sendiung transcription request, transcribe_count: 1
2026-01-07 01:11:48.091 - RealTimeSTT: realtimestt - DEBUG - Receive from parent_transcription_pipe after sendiung transcription request, transcribe_count: 1
2026-01-07 01:11:48.200 - RealTimeSTT: realtimestt - DEBUG - Receive from parent_transcription_pipe after sendiung transcription request, transcribe_count: 1
2026-01-07 01:11:48.312 - RealTimeSTT: realtimestt - DEBUG - Receive from parent_transcription_pipe after sendiung transcription request, transcribe_count: 1
2026-01-07 01:11:48.335 - RealTimeSTT: realtimestt - INFO - State changed from 'transcribing' to 'inactive'
2026-01-07 01:11:48.335 - RealTimeSTT: realtimestt - DEBUG - Model large-v3-turbo completed transcription in 0.70 seconds
2026-01-07 01:11:48.336 - RealTimeSTT: realtimestt - INFO - Setting listen time
2026-01-07 01:11:48.336 - RealTimeSTT: realtimestt - INFO - State changed from 'inactive' to 'listening'
2026-01-07 01:11:48.336 - RealTimeSTT: realtimestt - DEBUG - Waiting for recording start
2026-01-07 01:11:49.551 - RealTimeSTT: realtimestt - INFO - voice activity detected
2026-01-07 01:11:49.552 - RealTimeSTT: realtimestt - INFO - recording started
2026-01-07 01:11:49.552 - RealTimeSTT: realtimestt - INFO - State changed from 'listening' to 'recording'
2026-01-07 01:11:49.552 - RealTimeSTT: realtimestt - DEBUG - Waiting for recording stop
2026-01-07 01:11:50.702 - RealTimeSTT: realtimestt - INFO - recording stopped
2026-01-07 01:11:50.703 - RealTimeSTT: realtimestt - DEBUG - No samples removed, final audio length: 34816
2026-01-07 01:11:50.703 - RealTimeSTT: realtimestt - INFO - State changed from 'recording' to 'inactive'
2026-01-07 01:11:50.704 - RealTimeSTT: realtimestt - INFO - State changed from 'inactive' to 'transcribing'
2026-01-07 01:11:50.704 - RealTimeSTT: realtimestt - DEBUG - Adding transcription request, no early transcription started
2026-01-07 01:11:50.722 - RealTimeSTT: realtimestt - DEBUG - Receive from parent_transcription_pipe after sendiung transcription request, transcribe_count: 1
2026-01-07 01:11:50.826 - RealTimeSTT: realtimestt - DEBUG - Receive from parent_transcription_pipe after sendiung transcription request, transcribe_count: 1
2026-01-07 01:11:50.937 - RealTimeSTT: realtimestt - DEBUG - Receive from parent_transcription_pipe after sendiung transcription request, transcribe_count: 1
2026-01-07 01:11:51.047 - RealTimeSTT: realtimestt - DEBUG - Receive from parent_transcription_pipe after sendiung transcription request, transcribe_count: 1
2026-01-07 01:11:51.157 - RealTimeSTT: realtimestt - DEBUG - Receive from parent_transcription_pipe after sendiung transcription request, transcribe_count: 1
2026-01-07 01:11:51.267 - RealTimeSTT: realtimestt - DEBUG - Receive from parent_transcription_pipe after sendiung transcription request, transcribe_count: 1
2026-01-07 01:11:51.373 - RealTimeSTT: realtimestt - INFO - State changed from 'transcribing' to 'inactive'
2026-01-07 01:11:51.374 - RealTimeSTT: realtimestt - DEBUG - Model large-v3-turbo completed transcription in 0.67 seconds
2026-01-07 01:11:51.374 - RealTimeSTT: realtimestt - INFO - Setting listen time
2026-01-07 01:11:51.375 - RealTimeSTT: realtimestt - INFO - State changed from 'inactive' to 'listening'
2026-01-07 01:11:51.375 - RealTimeSTT: realtimestt - DEBUG - Waiting for recording start
2026-01-07 01:11:53.000 - RealTimeSTT: realtimestt - INFO - voice activity detected
2026-01-07 01:11:53.000 - RealTimeSTT: realtimestt - INFO - recording started
2026-01-07 01:11:53.000 - RealTimeSTT: realtimestt - INFO - State changed from 'listening' to 'recording'
2026-01-07 01:11:53.000 - RealTimeSTT: realtimestt - DEBUG - Waiting for recording stop
2026-01-07 01:11:54.152 - RealTimeSTT: realtimestt - INFO - recording stopped
2026-01-07 01:11:54.153 - RealTimeSTT: realtimestt - DEBUG - No samples removed, final audio length: 34816
2026-01-07 01:11:54.154 - RealTimeSTT: realtimestt - INFO - State changed from 'recording' to 'inactive'
2026-01-07 01:11:54.154 - RealTimeSTT: realtimestt - INFO - State changed from 'inactive' to 'transcribing'
2026-01-07 01:11:54.154 - RealTimeSTT: realtimestt - DEBUG - Adding transcription request, no early transcription started
2026-01-07 01:11:54.155 - RealTimeSTT: realtimestt - DEBUG - Receive from parent_transcription_pipe after sendiung transcription request, transcribe_count: 1
2026-01-07 01:11:54.266 - RealTimeSTT: realtimestt - DEBUG - Receive from parent_transcription_pipe after sendiung transcription request, transcribe_count: 1
2026-01-07 01:11:54.377 - RealTimeSTT: realtimestt - DEBUG - Receive from parent_transcription_pipe after sendiung transcription request, transcribe_count: 1
2026-01-07 01:11:54.487 - RealTimeSTT: realtimestt - DEBUG - Receive from parent_transcription_pipe after sendiung transcription request, transcribe_count: 1
2026-01-07 01:11:54.596 - RealTimeSTT: realtimestt - DEBUG - Receive from parent_transcription_pipe after sendiung transcription request, transcribe_count: 1
2026-01-07 01:11:54.707 - RealTimeSTT: realtimestt - DEBUG - Receive from parent_transcription_pipe after sendiung transcription request, transcribe_count: 1
2026-01-07 01:11:54.787 - RealTimeSTT: realtimestt - INFO - State changed from 'transcribing' to 'inactive'
2026-01-07 01:11:54.787 - RealTimeSTT: realtimestt - DEBUG - Model large-v3-turbo completed transcription in 0.63 seconds
2026-01-07 01:11:54.788 - RealTimeSTT: realtimestt - INFO - Setting listen time
2026-01-07 01:11:54.788 - RealTimeSTT: realtimestt - INFO - State changed from 'inactive' to 'listening'
2026-01-07 01:11:54.788 - RealTimeSTT: realtimestt - DEBUG - Waiting for recording start
2026-01-07 01:11:56.651 - RealTimeSTT: realtimestt - INFO - voice activity detected
2026-01-07 01:11:56.652 - RealTimeSTT: realtimestt - INFO - recording started
2026-01-07 01:11:56.652 - RealTimeSTT: realtimestt - INFO - State changed from 'listening' to 'recording'
2026-01-07 01:11:56.652 - RealTimeSTT: realtimestt - DEBUG - Waiting for recording stop
2026-01-07 01:11:57.800 - RealTimeSTT: realtimestt - INFO - recording stopped
2026-01-07 01:11:57.800 - RealTimeSTT: realtimestt - DEBUG - No samples removed, final audio length: 34816
2026-01-07 01:11:57.800 - RealTimeSTT: realtimestt - INFO - State changed from 'recording' to 'inactive'
2026-01-07 01:11:57.800 - RealTimeSTT: realtimestt - INFO - State changed from 'inactive' to 'transcribing'
2026-01-07 01:11:57.800 - RealTimeSTT: realtimestt - DEBUG - Adding transcription request, no early transcription started
2026-01-07 01:11:57.801 - RealTimeSTT: realtimestt - DEBUG - Receive from parent_transcription_pipe after sendiung transcription request, transcribe_count: 1
2026-01-07 01:11:57.911 - RealTimeSTT: realtimestt - DEBUG - Receive from parent_transcription_pipe after sendiung transcription request, transcribe_count: 1
2026-01-07 01:11:58.020 - RealTimeSTT: realtimestt - DEBUG - Receive from parent_transcription_pipe after sendiung transcription request, transcribe_count: 1
2026-01-07 01:11:58.128 - RealTimeSTT: realtimestt - DEBUG - Receive from parent_transcription_pipe after sendiung transcription request, transcribe_count: 1
2026-01-07 01:11:58.238 - RealTimeSTT: realtimestt - DEBUG - Receive from parent_transcription_pipe after sendiung transcription request, transcribe_count: 1
2026-01-07 01:11:58.349 - RealTimeSTT: realtimestt - DEBUG - Receive from parent_transcription_pipe after sendiung transcription request, transcribe_count: 1
2026-01-07 01:11:58.400 - RealTimeSTT: realtimestt - INFO - State changed from 'transcribing' to 'inactive'
2026-01-07 01:11:58.401 - RealTimeSTT: realtimestt - DEBUG - Model large-v3-turbo completed transcription in 0.60 seconds
2026-01-07 01:11:58.401 - RealTimeSTT: realtimestt - INFO - Setting listen time
2026-01-07 01:11:58.401 - RealTimeSTT: realtimestt - INFO - State changed from 'inactive' to 'listening'
2026-01-07 01:11:58.401 - RealTimeSTT: realtimestt - DEBUG - Waiting for recording start
2026-01-07 01:11:59.661 - RealTimeSTT: realtimestt - INFO - voice activity detected
2026-01-07 01:11:59.662 - RealTimeSTT: realtimestt - INFO - recording started
2026-01-07 01:11:59.662 - RealTimeSTT: realtimestt - INFO - State changed from 'listening' to 'recording'
2026-01-07 01:11:59.662 - RealTimeSTT: realtimestt - DEBUG - Waiting for recording stop
2026-01-07 01:12:00.810 - RealTimeSTT: realtimestt - INFO - recording stopped
2026-01-07 01:12:00.810 - RealTimeSTT: realtimestt - DEBUG - No samples removed, final audio length: 34816
2026-01-07 01:12:00.810 - RealTimeSTT: realtimestt - INFO - State changed from 'recording' to 'inactive'
2026-01-07 01:12:00.811 - RealTimeSTT: realtimestt - INFO - State changed from 'inactive' to 'transcribing'
2026-01-07 01:12:00.811 - RealTimeSTT: realtimestt - DEBUG - Adding transcription request, no early transcription started
2026-01-07 01:12:00.811 - RealTimeSTT: realtimestt - DEBUG - Receive from parent_transcription_pipe after sendiung transcription request, transcribe_count: 1
2026-01-07 01:12:00.916 - RealTimeSTT: realtimestt - DEBUG - Receive from parent_transcription_pipe after sendiung transcription request, transcribe_count: 1
2026-01-07 01:12:01.026 - RealTimeSTT: realtimestt - DEBUG - Receive from parent_transcription_pipe after sendiung transcription request, transcribe_count: 1
2026-01-07 01:12:01.135 - RealTimeSTT: realtimestt - DEBUG - Receive from parent_transcription_pipe after sendiung transcription request, transcribe_count: 1
2026-01-07 01:12:01.247 - RealTimeSTT: realtimestt - DEBUG - Receive from parent_transcription_pipe after sendiung transcription request, transcribe_count: 1
2026-01-07 01:12:01.357 - RealTimeSTT: realtimestt - DEBUG - Receive from parent_transcription_pipe after sendiung transcription request, transcribe_count: 1
2026-01-07 01:12:01.391 - RealTimeSTT: realtimestt - INFO - State changed from 'transcribing' to 'inactive'
2026-01-07 01:12:01.391 - RealTimeSTT: realtimestt - DEBUG - Model large-v3-turbo completed transcription in 0.58 seconds
2026-01-07 01:12:01.392 - RealTimeSTT: realtimestt - INFO - Setting listen time
2026-01-07 01:12:01.392 - RealTimeSTT: realtimestt - INFO - State changed from 'inactive' to 'listening'
2026-01-07 01:12:01.392 - RealTimeSTT: realtimestt - DEBUG - Waiting for recording start
2026-01-07 01:12:02.730 - RealTimeSTT: realtimestt - INFO - voice activity detected
2026-01-07 01:12:02.730 - RealTimeSTT: realtimestt - INFO - recording started
2026-01-07 01:12:02.730 - RealTimeSTT: realtimestt - INFO - State changed from 'listening' to 'recording'
2026-01-07 01:12:02.730 - RealTimeSTT: realtimestt - DEBUG - Waiting for recording stop
2026-01-07 01:12:03.880 - RealTimeSTT: realtimestt - INFO - recording stopped
2026-01-07 01:12:03.880 - RealTimeSTT: realtimestt - DEBUG - No samples removed, final audio length: 34816
2026-01-07 01:12:03.880 - RealTimeSTT: realtimestt - INFO - State changed from 'recording' to 'inactive'
2026-01-07 01:12:03.881 - RealTimeSTT: realtimestt - INFO - State changed from 'inactive' to 'transcribing'
2026-01-07 01:12:03.881 - RealTimeSTT: realtimestt - DEBUG - Adding transcription request, no early transcription started
2026-01-07 01:12:03.882 - RealTimeSTT: realtimestt - DEBUG - Receive from parent_transcription_pipe after sendiung transcription request, transcribe_count: 1
2026-01-07 01:12:03.987 - RealTimeSTT: realtimestt - DEBUG - Receive from parent_transcription_pipe after sendiung transcription request, transcribe_count: 1
2026-01-07 01:12:04.096 - RealTimeSTT: realtimestt - DEBUG - Receive from parent_transcription_pipe after sendiung transcription request, transcribe_count: 1
2026-01-07 01:12:04.208 - RealTimeSTT: realtimestt - DEBUG - Receive from parent_transcription_pipe after sendiung transcription request, transcribe_count: 1
2026-01-07 01:12:04.318 - RealTimeSTT: realtimestt - DEBUG - Receive from parent_transcription_pipe after sendiung transcription request, transcribe_count: 1
2026-01-07 01:12:04.428 - RealTimeSTT: realtimestt - DEBUG - Receive from parent_transcription_pipe after sendiung transcription request, transcribe_count: 1
2026-01-07 01:12:04.539 - RealTimeSTT: realtimestt - DEBUG - Receive from parent_transcription_pipe after sendiung transcription request, transcribe_count: 1
2026-01-07 01:12:04.547 - RealTimeSTT: realtimestt - INFO - State changed from 'transcribing' to 'inactive'
2026-01-07 01:12:04.548 - RealTimeSTT: realtimestt - DEBUG - Model large-v3-turbo completed transcription in 0.67 seconds
2026-01-07 01:12:04.548 - RealTimeSTT: realtimestt - INFO - Setting listen time
2026-01-07 01:12:04.548 - RealTimeSTT: realtimestt - INFO - State changed from 'inactive' to 'listening'
2026-01-07 01:12:04.548 - RealTimeSTT: realtimestt - DEBUG - Waiting for recording start
2026-01-07 01:12:05.800 - RealTimeSTT: realtimestt - INFO - voice activity detected
2026-01-07 01:12:05.800 - RealTimeSTT: realtimestt - INFO - recording started
2026-01-07 01:12:05.800 - RealTimeSTT: realtimestt - INFO - State changed from 'listening' to 'recording'
2026-01-07 01:12:05.800 - RealTimeSTT: realtimestt - DEBUG - Waiting for recording stop
2026-01-07 01:12:06.952 - RealTimeSTT: realtimestt - INFO - recording stopped
2026-01-07 01:12:06.953 - RealTimeSTT: realtimestt - DEBUG - No samples removed, final audio length: 34816
2026-01-07 01:12:06.954 - RealTimeSTT: realtimestt - INFO - State changed from 'recording' to 'inactive'
2026-01-07 01:12:06.954 - RealTimeSTT: realtimestt - INFO - State changed from 'inactive' to 'transcribing'
2026-01-07 01:12:06.954 - RealTimeSTT: realtimestt - DEBUG - Adding transcription request, no early transcription started
2026-01-07 01:12:06.956 - RealTimeSTT: realtimestt - DEBUG - Receive from parent_transcription_pipe after sendiung transcription request, transcribe_count: 1
2026-01-07 01:12:07.061 - RealTimeSTT: realtimestt - DEBUG - Receive from parent_transcription_pipe after sendiung transcription request, transcribe_count: 1
2026-01-07 01:12:07.172 - RealTimeSTT: realtimestt - DEBUG - Receive from parent_transcription_pipe after sendiung transcription request, transcribe_count: 1
2026-01-07 01:12:07.282 - RealTimeSTT: realtimestt - DEBUG - Receive from parent_transcription_pipe after sendiung transcription request, transcribe_count: 1
2026-01-07 01:12:07.393 - RealTimeSTT: realtimestt - DEBUG - Receive from parent_transcription_pipe after sendiung transcription request, transcribe_count: 1
2026-01-07 01:12:07.504 - RealTimeSTT: realtimestt - DEBUG - Receive from parent_transcription_pipe after sendiung transcription request, transcribe_count: 1
2026-01-07 01:12:07.574 - RealTimeSTT: realtimestt - INFO - State changed from 'transcribing' to 'inactive'
2026-01-07 01:12:07.574 - RealTimeSTT: realtimestt - DEBUG - Model large-v3-turbo completed transcription in 0.62 seconds
2026-01-07 01:12:07.575 - RealTimeSTT: realtimestt - INFO - Setting listen time
2026-01-07 01:12:07.575 - RealTimeSTT: realtimestt - INFO - State changed from 'inactive' to 'listening'
2026-01-07 01:12:07.575 - RealTimeSTT: realtimestt - DEBUG - Waiting for recording start
2026-01-07 01:12:08.621 - RealTimeSTT: realtimestt - INFO - voice activity detected
2026-01-07 01:12:08.621 - RealTimeSTT: realtimestt - INFO - recording started
2026-01-07 01:12:08.621 - RealTimeSTT: realtimestt - INFO - State changed from 'listening' to 'recording'
2026-01-07 01:12:08.621 - RealTimeSTT: realtimestt - DEBUG - Waiting for recording stop
2026-01-07 01:12:09.770 - RealTimeSTT: realtimestt - INFO - recording stopped
2026-01-07 01:12:09.771 - RealTimeSTT: realtimestt - DEBUG - No samples removed, final audio length: 34816
2026-01-07 01:12:09.771 - RealTimeSTT: realtimestt - INFO - State changed from 'recording' to 'inactive'
2026-01-07 01:12:09.771 - RealTimeSTT: realtimestt - INFO - State changed from 'inactive' to 'transcribing'
2026-01-07 01:12:09.771 - RealTimeSTT: realtimestt - DEBUG - Adding transcription request, no early transcription started
2026-01-07 01:12:09.785 - RealTimeSTT: realtimestt - DEBUG - Receive from parent_transcription_pipe after sendiung transcription request, transcribe_count: 1
2026-01-07 01:12:09.890 - RealTimeSTT: realtimestt - DEBUG - Receive from parent_transcription_pipe after sendiung transcription request, transcribe_count: 1
2026-01-07 01:12:09.999 - RealTimeSTT: realtimestt - DEBUG - Receive from parent_transcription_pipe after sendiung transcription request, transcribe_count: 1
2026-01-07 01:12:10.110 - RealTimeSTT: realtimestt - DEBUG - Receive from parent_transcription_pipe after sendiung transcription request, transcribe_count: 1
2026-01-07 01:12:10.219 - RealTimeSTT: realtimestt - DEBUG - Receive from parent_transcription_pipe after sendiung transcription request, transcribe_count: 1
2026-01-07 01:12:10.330 - RealTimeSTT: realtimestt - DEBUG - Receive from parent_transcription_pipe after sendiung transcription request, transcribe_count: 1
2026-01-07 01:12:10.377 - RealTimeSTT: realtimestt - INFO - State changed from 'transcribing' to 'inactive'
2026-01-07 01:12:10.377 - RealTimeSTT: realtimestt - DEBUG - Model large-v3-turbo completed transcription in 0.61 seconds
2026-01-07 01:12:10.378 - RealTimeSTT: realtimestt - INFO - Setting listen time
2026-01-07 01:12:10.378 - RealTimeSTT: realtimestt - INFO - State changed from 'inactive' to 'listening'
2026-01-07 01:12:10.378 - RealTimeSTT: realtimestt - DEBUG - Waiting for recording start
2026-01-07 01:12:13.290 - RealTimeSTT: realtimestt - INFO - voice activity detected
2026-01-07 01:12:13.290 - RealTimeSTT: realtimestt - INFO - recording started
2026-01-07 01:12:13.291 - RealTimeSTT: realtimestt - INFO - State changed from 'listening' to 'recording'
2026-01-07 01:12:13.291 - RealTimeSTT: realtimestt - DEBUG - Waiting for recording stop
2026-01-07 01:12:14.441 - RealTimeSTT: realtimestt - INFO - recording stopped
2026-01-07 01:12:14.442 - RealTimeSTT: realtimestt - DEBUG - No samples removed, final audio length: 34816
2026-01-07 01:12:14.442 - RealTimeSTT: realtimestt - INFO - State changed from 'recording' to 'inactive'
2026-01-07 01:12:14.443 - RealTimeSTT: realtimestt - INFO - State changed from 'inactive' to 'transcribing'
2026-01-07 01:12:14.443 - RealTimeSTT: realtimestt - DEBUG - Adding transcription request, no early transcription started
2026-01-07 01:12:14.454 - RealTimeSTT: realtimestt - DEBUG - Receive from parent_transcription_pipe after sendiung transcription request, transcribe_count: 1
2026-01-07 01:12:14.557 - RealTimeSTT: realtimestt - DEBUG - Receive from parent_transcription_pipe after sendiung transcription request, transcribe_count: 1
2026-01-07 01:12:14.669 - RealTimeSTT: realtimestt - DEBUG - Receive from parent_transcription_pipe after sendiung transcription request, transcribe_count: 1
2026-01-07 01:12:14.780 - RealTimeSTT: realtimestt - DEBUG - Receive from parent_transcription_pipe after sendiung transcription request, transcribe_count: 1
2026-01-07 01:12:14.891 - RealTimeSTT: realtimestt - DEBUG - Receive from parent_transcription_pipe after sendiung transcription request, transcribe_count: 1
2026-01-07 01:12:15.003 - RealTimeSTT: realtimestt - DEBUG - Receive from parent_transcription_pipe after sendiung transcription request, transcribe_count: 1
2026-01-07 01:12:15.114 - RealTimeSTT: realtimestt - DEBUG - Receive from parent_transcription_pipe after sendiung transcription request, transcribe_count: 1
2026-01-07 01:12:15.175 - RealTimeSTT: realtimestt - INFO - State changed from 'transcribing' to 'inactive'
2026-01-07 01:12:15.176 - RealTimeSTT: realtimestt - DEBUG - Model large-v3-turbo completed transcription in 0.73 seconds
2026-01-07 01:12:15.176 - RealTimeSTT: realtimestt - INFO - Setting listen time
2026-01-07 01:12:15.176 - RealTimeSTT: realtimestt - INFO - State changed from 'inactive' to 'listening'
2026-01-07 01:12:15.176 - RealTimeSTT: realtimestt - DEBUG - Waiting for recording start
2026-01-07 01:12:16.430 - RealTimeSTT: realtimestt - INFO - voice activity detected
2026-01-07 01:12:16.431 - RealTimeSTT: realtimestt - INFO - recording started
2026-01-07 01:12:16.431 - RealTimeSTT: realtimestt - INFO - State changed from 'listening' to 'recording'
2026-01-07 01:12:16.431 - RealTimeSTT: realtimestt - DEBUG - Waiting for recording stop
2026-01-07 01:12:17.580 - RealTimeSTT: realtimestt - INFO - recording stopped
2026-01-07 01:12:17.580 - RealTimeSTT: realtimestt - DEBUG - No samples removed, final audio length: 34816
2026-01-07 01:12:17.580 - RealTimeSTT: realtimestt - INFO - State changed from 'recording' to 'inactive'
2026-01-07 01:12:17.580 - RealTimeSTT: realtimestt - INFO - State changed from 'inactive' to 'transcribing'
2026-01-07 01:12:17.580 - RealTimeSTT: realtimestt - DEBUG - Adding transcription request, no early transcription started
2026-01-07 01:12:17.583 - RealTimeSTT: realtimestt - DEBUG - Receive from parent_transcription_pipe after sendiung transcription request, transcribe_count: 1
2026-01-07 01:12:17.690 - RealTimeSTT: realtimestt - DEBUG - Receive from parent_transcription_pipe after sendiung transcription request, transcribe_count: 1
2026-01-07 01:12:17.798 - RealTimeSTT: realtimestt - DEBUG - Receive from parent_transcription_pipe after sendiung transcription request, transcribe_count: 1
2026-01-07 01:12:17.909 - RealTimeSTT: realtimestt - DEBUG - Receive from parent_transcription_pipe after sendiung transcription request, transcribe_count: 1
2026-01-07 01:12:18.019 - RealTimeSTT: realtimestt - DEBUG - Receive from parent_transcription_pipe after sendiung transcription request, transcribe_count: 1
2026-01-07 01:12:18.127 - RealTimeSTT: realtimestt - DEBUG - Receive from parent_transcription_pipe after sendiung transcription request, transcribe_count: 1
2026-01-07 01:12:18.182 - RealTimeSTT: realtimestt - INFO - State changed from 'transcribing' to 'inactive'
2026-01-07 01:12:18.182 - RealTimeSTT: realtimestt - DEBUG - Model large-v3-turbo completed transcription in 0.60 seconds
2026-01-07 01:12:18.183 - RealTimeSTT: realtimestt - INFO - Setting listen time
2026-01-07 01:12:18.183 - RealTimeSTT: realtimestt - INFO - State changed from 'inactive' to 'listening'
2026-01-07 01:12:18.183 - RealTimeSTT: realtimestt - DEBUG - Waiting for recording start
2026-01-07 01:12:35.180 - RealTimeSTT: realtimestt - INFO - voice activity detected
2026-01-07 01:12:35.180 - RealTimeSTT: realtimestt - INFO - recording started
2026-01-07 01:12:35.180 - RealTimeSTT: realtimestt - INFO - State changed from 'listening' to 'recording'
2026-01-07 01:12:35.180 - RealTimeSTT: realtimestt - DEBUG - Waiting for recording stop
2026-01-07 01:12:36.330 - RealTimeSTT: realtimestt - INFO - recording stopped
2026-01-07 01:12:36.331 - RealTimeSTT: realtimestt - DEBUG - No samples removed, final audio length: 34816
2026-01-07 01:12:36.331 - RealTimeSTT: realtimestt - INFO - State changed from 'recording' to 'inactive'
2026-01-07 01:12:36.331 - RealTimeSTT: realtimestt - INFO - State changed from 'inactive' to 'transcribing'
2026-01-07 01:12:36.331 - RealTimeSTT: realtimestt - DEBUG - Adding transcription request, no early transcription started
2026-01-07 01:12:36.344 - RealTimeSTT: realtimestt - DEBUG - Receive from parent_transcription_pipe after sendiung transcription request, transcribe_count: 1
2026-01-07 01:12:36.448 - RealTimeSTT: realtimestt - DEBUG - Receive from parent_transcription_pipe after sendiung transcription request, transcribe_count: 1
2026-01-07 01:12:36.556 - RealTimeSTT: realtimestt - DEBUG - Receive from parent_transcription_pipe after sendiung transcription request, transcribe_count: 1
2026-01-07 01:12:36.667 - RealTimeSTT: realtimestt - DEBUG - Receive from parent_transcription_pipe after sendiung transcription request, transcribe_count: 1
2026-01-07 01:12:36.776 - RealTimeSTT: realtimestt - DEBUG - Receive from parent_transcription_pipe after sendiung transcription request, transcribe_count: 1
2026-01-07 01:12:36.886 - RealTimeSTT: realtimestt - DEBUG - Receive from parent_transcription_pipe after sendiung transcription request, transcribe_count: 1
2026-01-07 01:12:36.997 - RealTimeSTT: realtimestt - INFO - State changed from 'transcribing' to 'inactive'
2026-01-07 01:12:36.998 - RealTimeSTT: realtimestt - DEBUG - Model large-v3-turbo completed transcription in 0.67 seconds
2026-01-07 01:12:36.999 - RealTimeSTT: realtimestt - INFO - Setting listen time
2026-01-07 01:12:36.999 - RealTimeSTT: realtimestt - INFO - State changed from 'inactive' to 'listening'
2026-01-07 01:12:36.999 - RealTimeSTT: realtimestt - DEBUG - Waiting for recording start
2026-01-07 01:12:38.251 - RealTimeSTT: realtimestt - INFO - voice activity detected
2026-01-07 01:12:38.252 - RealTimeSTT: realtimestt - INFO - recording started
2026-01-07 01:12:38.252 - RealTimeSTT: realtimestt - INFO - State changed from 'listening' to 'recording'
2026-01-07 01:12:38.252 - RealTimeSTT: realtimestt - DEBUG - Waiting for recording stop
2026-01-07 01:12:39.400 - RealTimeSTT: realtimestt - INFO - recording stopped
2026-01-07 01:12:39.401 - RealTimeSTT: realtimestt - DEBUG - No samples removed, final audio length: 34816
2026-01-07 01:12:39.402 - RealTimeSTT: realtimestt - INFO - State changed from 'recording' to 'inactive'
2026-01-07 01:12:39.402 - RealTimeSTT: realtimestt - INFO - State changed from 'inactive' to 'transcribing'
2026-01-07 01:12:39.402 - RealTimeSTT: realtimestt - DEBUG - Adding transcription request, no early transcription started
2026-01-07 01:12:39.406 - RealTimeSTT: realtimestt - DEBUG - Receive from parent_transcription_pipe after sendiung transcription request, transcribe_count: 1
2026-01-07 01:12:39.511 - RealTimeSTT: realtimestt - DEBUG - Receive from parent_transcription_pipe after sendiung transcription request, transcribe_count: 1
2026-01-07 01:12:39.622 - RealTimeSTT: realtimestt - DEBUG - Receive from parent_transcription_pipe after sendiung transcription request, transcribe_count: 1
2026-01-07 01:12:39.732 - RealTimeSTT: realtimestt - DEBUG - Receive from parent_transcription_pipe after sendiung transcription request, transcribe_count: 1
2026-01-07 01:12:39.842 - RealTimeSTT: realtimestt - DEBUG - Receive from parent_transcription_pipe after sendiung transcription request, transcribe_count: 1
2026-01-07 01:12:39.953 - RealTimeSTT: realtimestt - DEBUG - Receive from parent_transcription_pipe after sendiung transcription request, transcribe_count: 1
2026-01-07 01:12:39.977 - RealTimeSTT: realtimestt - INFO - State changed from 'transcribing' to 'inactive'
2026-01-07 01:12:39.978 - RealTimeSTT: realtimestt - DEBUG - Model large-v3-turbo completed transcription in 0.58 seconds
2026-01-07 01:12:39.978 - RealTimeSTT: realtimestt - INFO - Setting listen time
2026-01-07 01:12:39.978 - RealTimeSTT: realtimestt - INFO - State changed from 'inactive' to 'listening'
2026-01-07 01:12:39.979 - RealTimeSTT: realtimestt - DEBUG - Waiting for recording start
2026-01-07 01:12:41.070 - RealTimeSTT: realtimestt - INFO - voice activity detected
2026-01-07 01:12:41.070 - RealTimeSTT: realtimestt - INFO - recording started
2026-01-07 01:12:41.070 - RealTimeSTT: realtimestt - INFO - State changed from 'listening' to 'recording'
2026-01-07 01:12:41.070 - RealTimeSTT: realtimestt - DEBUG - Waiting for recording stop
2026-01-07 01:12:42.220 - RealTimeSTT: realtimestt - INFO - recording stopped
2026-01-07 01:12:42.220 - RealTimeSTT: realtimestt - DEBUG - No samples removed, final audio length: 34816
2026-01-07 01:12:42.220 - RealTimeSTT: realtimestt - INFO - State changed from 'recording' to 'inactive'
2026-01-07 01:12:42.221 - RealTimeSTT: realtimestt - INFO - State changed from 'inactive' to 'transcribing'
2026-01-07 01:12:42.221 - RealTimeSTT: realtimestt - DEBUG - Adding transcription request, no early transcription started
2026-01-07 01:12:42.221 - RealTimeSTT: realtimestt - DEBUG - Receive from parent_transcription_pipe after sendiung transcription request, transcribe_count: 1
2026-01-07 01:12:42.332 - RealTimeSTT: realtimestt - DEBUG - Receive from parent_transcription_pipe after sendiung transcription request, transcribe_count: 1
2026-01-07 01:12:42.443 - RealTimeSTT: realtimestt - DEBUG - Receive from parent_transcription_pipe after sendiung transcription request, transcribe_count: 1
2026-01-07 01:12:42.554 - RealTimeSTT: realtimestt - DEBUG - Receive from parent_transcription_pipe after sendiung transcription request, transcribe_count: 1
2026-01-07 01:12:42.666 - RealTimeSTT: realtimestt - DEBUG - Receive from parent_transcription_pipe after sendiung transcription request, transcribe_count: 1
2026-01-07 01:12:42.775 - RealTimeSTT: realtimestt - INFO - State changed from 'transcribing' to 'inactive'
2026-01-07 01:12:42.776 - RealTimeSTT: realtimestt - DEBUG - Model large-v3-turbo completed transcription in 0.55 seconds
2026-01-07 01:12:42.776 - RealTimeSTT: realtimestt - INFO - Setting listen time
2026-01-07 01:12:42.776 - RealTimeSTT: realtimestt - INFO - State changed from 'inactive' to 'listening'
2026-01-07 01:12:42.776 - RealTimeSTT: realtimestt - DEBUG - Waiting for recording start
2026-01-07 01:12:44.841 - RealTimeSTT: realtimestt - INFO - voice activity detected
2026-01-07 01:12:44.841 - RealTimeSTT: realtimestt - INFO - recording started
2026-01-07 01:12:44.841 - RealTimeSTT: realtimestt - INFO - State changed from 'listening' to 'recording'
2026-01-07 01:12:44.842 - RealTimeSTT: realtimestt - DEBUG - Waiting for recording stop
2026-01-07 01:12:47.272 - RealTimeSTT: realtimestt - INFO - recording stopped
2026-01-07 01:12:47.274 - RealTimeSTT: realtimestt - DEBUG - No samples removed, final audio length: 55296
2026-01-07 01:12:47.274 - RealTimeSTT: realtimestt - INFO - State changed from 'recording' to 'inactive'
2026-01-07 01:12:47.274 - RealTimeSTT: realtimestt - INFO - State changed from 'inactive' to 'transcribing'
2026-01-07 01:12:47.275 - RealTimeSTT: realtimestt - DEBUG - Adding transcription request, no early transcription started
2026-01-07 01:12:47.284 - RealTimeSTT: realtimestt - DEBUG - Receive from parent_transcription_pipe after sendiung transcription request, transcribe_count: 1
2026-01-07 01:12:47.389 - RealTimeSTT: realtimestt - DEBUG - Receive from parent_transcription_pipe after sendiung transcription request, transcribe_count: 1
2026-01-07 01:12:47.498 - RealTimeSTT: realtimestt - DEBUG - Receive from parent_transcription_pipe after sendiung transcription request, transcribe_count: 1
2026-01-07 01:12:47.608 - RealTimeSTT: realtimestt - DEBUG - Receive from parent_transcription_pipe after sendiung transcription request, transcribe_count: 1
2026-01-07 01:12:47.718 - RealTimeSTT: realtimestt - DEBUG - Receive from parent_transcription_pipe after sendiung transcription request, transcribe_count: 1
2026-01-07 01:12:47.861 - RealTimeSTT: realtimestt - DEBUG - Receive from parent_transcription_pipe after sendiung transcription request, transcribe_count: 1
2026-01-07 01:12:47.973 - RealTimeSTT: realtimestt - DEBUG - Receive from parent_transcription_pipe after sendiung transcription request, transcribe_count: 1
2026-01-07 01:12:47.991 - RealTimeSTT: realtimestt - INFO - State changed from 'transcribing' to 'inactive'
2026-01-07 01:12:47.992 - RealTimeSTT: realtimestt - DEBUG - Model large-v3-turbo completed transcription in 0.72 seconds
2026-01-07 01:12:47.992 - RealTimeSTT: realtimestt - INFO - Setting listen time
2026-01-07 01:12:47.992 - RealTimeSTT: realtimestt - INFO - State changed from 'inactive' to 'listening'
2026-01-07 01:12:47.992 - RealTimeSTT: realtimestt - DEBUG - Waiting for recording start
2026-01-07 01:12:59.181 - RealTimeSTT: realtimestt - INFO - voice activity detected
2026-01-07 01:12:59.181 - RealTimeSTT: realtimestt - INFO - recording started
2026-01-07 01:12:59.181 - RealTimeSTT: realtimestt - INFO - State changed from 'listening' to 'recording'
2026-01-07 01:12:59.182 - RealTimeSTT: realtimestt - DEBUG - Waiting for recording stop
2026-01-07 01:13:00.330 - RealTimeSTT: realtimestt - INFO - recording stopped
2026-01-07 01:13:00.330 - RealTimeSTT: realtimestt - DEBUG - No samples removed, final audio length: 34816
2026-01-07 01:13:00.331 - RealTimeSTT: realtimestt - INFO - State changed from 'recording' to 'inactive'
2026-01-07 01:13:00.331 - RealTimeSTT: realtimestt - INFO - State changed from 'inactive' to 'transcribing'
2026-01-07 01:13:00.331 - RealTimeSTT: realtimestt - DEBUG - Adding transcription request, no early transcription started
2026-01-07 01:13:00.331 - RealTimeSTT: realtimestt - DEBUG - Receive from parent_transcription_pipe after sendiung transcription request, transcribe_count: 1
2026-01-07 01:13:00.444 - RealTimeSTT: realtimestt - DEBUG - Receive from parent_transcription_pipe after sendiung transcription request, transcribe_count: 1
2026-01-07 01:13:00.554 - RealTimeSTT: realtimestt - DEBUG - Receive from parent_transcription_pipe after sendiung transcription request, transcribe_count: 1
2026-01-07 01:13:00.664 - RealTimeSTT: realtimestt - DEBUG - Receive from parent_transcription_pipe after sendiung transcription request, transcribe_count: 1
2026-01-07 01:13:00.775 - RealTimeSTT: realtimestt - DEBUG - Receive from parent_transcription_pipe after sendiung transcription request, transcribe_count: 1
2026-01-07 01:13:00.884 - RealTimeSTT: realtimestt - DEBUG - Receive from parent_transcription_pipe after sendiung transcription request, transcribe_count: 1
2026-01-07 01:13:00.990 - RealTimeSTT: realtimestt - INFO - State changed from 'transcribing' to 'inactive'
2026-01-07 01:13:00.991 - RealTimeSTT: realtimestt - DEBUG - Model large-v3-turbo completed transcription in 0.66 seconds
2026-01-07 01:13:00.991 - RealTimeSTT: realtimestt - INFO - Setting listen time
2026-01-07 01:13:00.991 - RealTimeSTT: realtimestt - INFO - State changed from 'inactive' to 'listening'
2026-01-07 01:13:00.991 - RealTimeSTT: realtimestt - DEBUG - Waiting for recording start
2026-01-07 01:13:03.211 - RealTimeSTT: realtimestt - INFO - voice activity detected
2026-01-07 01:13:03.212 - RealTimeSTT: realtimestt - INFO - recording started
2026-01-07 01:13:03.212 - RealTimeSTT: realtimestt - INFO - State changed from 'listening' to 'recording'
2026-01-07 01:13:03.212 - RealTimeSTT: realtimestt - DEBUG - Waiting for recording stop
2026-01-07 01:13:04.360 - RealTimeSTT: realtimestt - INFO - recording stopped
2026-01-07 01:13:04.360 - RealTimeSTT: realtimestt - DEBUG - No samples removed, final audio length: 34816
2026-01-07 01:13:04.360 - RealTimeSTT: realtimestt - INFO - State changed from 'recording' to 'inactive'
2026-01-07 01:13:04.360 - RealTimeSTT: realtimestt - INFO - State changed from 'inactive' to 'transcribing'
2026-01-07 01:13:04.360 - RealTimeSTT: realtimestt - DEBUG - Adding transcription request, no early transcription started
2026-01-07 01:13:04.361 - RealTimeSTT: realtimestt - DEBUG - Receive from parent_transcription_pipe after sendiung transcription request, transcribe_count: 1
2026-01-07 01:13:04.476 - RealTimeSTT: realtimestt - DEBUG - Receive from parent_transcription_pipe after sendiung transcription request, transcribe_count: 1
2026-01-07 01:13:04.586 - RealTimeSTT: realtimestt - DEBUG - Receive from parent_transcription_pipe after sendiung transcription request, transcribe_count: 1
2026-01-07 01:13:04.697 - RealTimeSTT: realtimestt - DEBUG - Receive from parent_transcription_pipe after sendiung transcription request, transcribe_count: 1
2026-01-07 01:13:04.809 - RealTimeSTT: realtimestt - DEBUG - Receive from parent_transcription_pipe after sendiung transcription request, transcribe_count: 1
2026-01-07 01:13:04.919 - RealTimeSTT: realtimestt - DEBUG - Receive from parent_transcription_pipe after sendiung transcription request, transcribe_count: 1
2026-01-07 01:13:04.984 - RealTimeSTT: realtimestt - INFO - State changed from 'transcribing' to 'inactive'
2026-01-07 01:13:04.985 - RealTimeSTT: realtimestt - DEBUG - Model large-v3-turbo completed transcription in 0.62 seconds
2026-01-07 01:13:04.985 - RealTimeSTT: realtimestt - INFO - Setting listen time
2026-01-07 01:13:04.985 - RealTimeSTT: realtimestt - INFO - State changed from 'inactive' to 'listening'
2026-01-07 01:13:04.985 - RealTimeSTT: realtimestt - DEBUG - Waiting for recording start
2026-01-07 01:13:08.652 - RealTimeSTT: realtimestt - INFO - voice activity detected
2026-01-07 01:13:08.652 - RealTimeSTT: realtimestt - INFO - recording started
2026-01-07 01:13:08.652 - RealTimeSTT: realtimestt - INFO - State changed from 'listening' to 'recording'
2026-01-07 01:13:08.652 - RealTimeSTT: realtimestt - DEBUG - Waiting for recording stop
2026-01-07 01:13:09.800 - RealTimeSTT: realtimestt - INFO - recording stopped
2026-01-07 01:13:09.800 - RealTimeSTT: realtimestt - DEBUG - No samples removed, final audio length: 34816
2026-01-07 01:13:09.801 - RealTimeSTT: realtimestt - INFO - State changed from 'recording' to 'inactive'
2026-01-07 01:13:09.801 - RealTimeSTT: realtimestt - INFO - State changed from 'inactive' to 'transcribing'
2026-01-07 01:13:09.801 - RealTimeSTT: realtimestt - DEBUG - Adding transcription request, no early transcription started
2026-01-07 01:13:09.801 - RealTimeSTT: realtimestt - DEBUG - Receive from parent_transcription_pipe after sendiung transcription request, transcribe_count: 1
2026-01-07 01:13:09.913 - RealTimeSTT: realtimestt - DEBUG - Receive from parent_transcription_pipe after sendiung transcription request, transcribe_count: 1
2026-01-07 01:13:10.022 - RealTimeSTT: realtimestt - DEBUG - Receive from parent_transcription_pipe after sendiung transcription request, transcribe_count: 1
2026-01-07 01:13:10.134 - RealTimeSTT: realtimestt - DEBUG - Receive from parent_transcription_pipe after sendiung transcription request, transcribe_count: 1
2026-01-07 01:13:10.244 - RealTimeSTT: realtimestt - DEBUG - Receive from parent_transcription_pipe after sendiung transcription request, transcribe_count: 1
2026-01-07 01:13:10.356 - RealTimeSTT: realtimestt - DEBUG - Receive from parent_transcription_pipe after sendiung transcription request, transcribe_count: 1
2026-01-07 01:13:10.393 - RealTimeSTT: realtimestt - INFO - State changed from 'transcribing' to 'inactive'
2026-01-07 01:13:10.393 - RealTimeSTT: realtimestt - DEBUG - Model large-v3-turbo completed transcription in 0.59 seconds
2026-01-07 01:13:10.394 - RealTimeSTT: realtimestt - INFO - Setting listen time
2026-01-07 01:13:10.394 - RealTimeSTT: realtimestt - INFO - State changed from 'inactive' to 'listening'
2026-01-07 01:13:10.394 - RealTimeSTT: realtimestt - DEBUG - Waiting for recording start
2026-01-07 01:13:11.980 - RealTimeSTT: realtimestt - INFO - voice activity detected
2026-01-07 01:13:11.980 - RealTimeSTT: realtimestt - INFO - recording started
2026-01-07 01:13:11.980 - RealTimeSTT: realtimestt - INFO - State changed from 'listening' to 'recording'
2026-01-07 01:13:11.980 - RealTimeSTT: realtimestt - DEBUG - Waiting for recording stop
2026-01-07 01:13:13.130 - RealTimeSTT: realtimestt - INFO - recording stopped
2026-01-07 01:13:13.130 - RealTimeSTT: realtimestt - DEBUG - No samples removed, final audio length: 34816
2026-01-07 01:13:13.130 - RealTimeSTT: realtimestt - INFO - State changed from 'recording' to 'inactive'
2026-01-07 01:13:13.130 - RealTimeSTT: realtimestt - INFO - State changed from 'inactive' to 'transcribing'
2026-01-07 01:13:13.130 - RealTimeSTT: realtimestt - DEBUG - Adding transcription request, no early transcription started
2026-01-07 01:13:13.131 - RealTimeSTT: realtimestt - DEBUG - Receive from parent_transcription_pipe after sendiung transcription request, transcribe_count: 1
2026-01-07 01:13:13.232 - RealTimeSTT: realtimestt - DEBUG - Receive from parent_transcription_pipe after sendiung transcription request, transcribe_count: 1
2026-01-07 01:13:13.343 - RealTimeSTT: realtimestt - DEBUG - Receive from parent_transcription_pipe after sendiung transcription request, transcribe_count: 1
2026-01-07 01:13:13.453 - RealTimeSTT: realtimestt - DEBUG - Receive from parent_transcription_pipe after sendiung transcription request, transcribe_count: 1
2026-01-07 01:13:13.564 - RealTimeSTT: realtimestt - DEBUG - Receive from parent_transcription_pipe after sendiung transcription request, transcribe_count: 1
2026-01-07 01:13:13.672 - RealTimeSTT: realtimestt - DEBUG - Receive from parent_transcription_pipe after sendiung transcription request, transcribe_count: 1
2026-01-07 01:13:13.760 - RealTimeSTT: realtimestt - INFO - State changed from 'transcribing' to 'inactive'
2026-01-07 01:13:13.761 - RealTimeSTT: realtimestt - DEBUG - Model large-v3-turbo completed transcription in 0.63 seconds
2026-01-07 01:13:13.761 - RealTimeSTT: realtimestt - INFO - Setting listen time
2026-01-07 01:13:13.761 - RealTimeSTT: realtimestt - INFO - State changed from 'inactive' to 'listening'
2026-01-07 01:13:13.761 - RealTimeSTT: realtimestt - DEBUG - Waiting for recording start
2026-01-07 01:13:15.690 - RealTimeSTT: realtimestt - INFO - voice activity detected
2026-01-07 01:13:15.690 - RealTimeSTT: realtimestt - INFO - recording started
2026-01-07 01:13:15.690 - RealTimeSTT: realtimestt - INFO - State changed from 'listening' to 'recording'
2026-01-07 01:13:15.690 - RealTimeSTT: realtimestt - DEBUG - Waiting for recording stop
2026-01-07 01:13:16.841 - RealTimeSTT: realtimestt - INFO - recording stopped
2026-01-07 01:13:16.843 - RealTimeSTT: realtimestt - DEBUG - No samples removed, final audio length: 34816
2026-01-07 01:13:16.843 - RealTimeSTT: realtimestt - INFO - State changed from 'recording' to 'inactive'
2026-01-07 01:13:16.843 - RealTimeSTT: realtimestt - INFO - State changed from 'inactive' to 'transcribing'
2026-01-07 01:13:16.843 - RealTimeSTT: realtimestt - DEBUG - Adding transcription request, no early transcription started
2026-01-07 01:13:16.845 - RealTimeSTT: realtimestt - DEBUG - Receive from parent_transcription_pipe after sendiung transcription request, transcribe_count: 1
2026-01-07 01:13:16.953 - RealTimeSTT: realtimestt - DEBUG - Receive from parent_transcription_pipe after sendiung transcription request, transcribe_count: 1
2026-01-07 01:13:17.062 - RealTimeSTT: realtimestt - DEBUG - Receive from parent_transcription_pipe after sendiung transcription request, transcribe_count: 1
2026-01-07 01:13:17.171 - RealTimeSTT: realtimestt - DEBUG - Receive from parent_transcription_pipe after sendiung transcription request, transcribe_count: 1
2026-01-07 01:13:17.281 - RealTimeSTT: realtimestt - DEBUG - Receive from parent_transcription_pipe after sendiung transcription request, transcribe_count: 1
2026-01-07 01:13:17.393 - RealTimeSTT: realtimestt - DEBUG - Receive from parent_transcription_pipe after sendiung transcription request, transcribe_count: 1
2026-01-07 01:13:17.502 - RealTimeSTT: realtimestt - DEBUG - Receive from parent_transcription_pipe after sendiung transcription request, transcribe_count: 1
2026-01-07 01:13:17.545 - RealTimeSTT: realtimestt - INFO - State changed from 'transcribing' to 'inactive'
2026-01-07 01:13:17.545 - RealTimeSTT: realtimestt - DEBUG - Model large-v3-turbo completed transcription in 0.70 seconds
2026-01-07 01:13:17.546 - RealTimeSTT: realtimestt - INFO - Setting listen time
2026-01-07 01:13:17.546 - RealTimeSTT: realtimestt - INFO - State changed from 'inactive' to 'listening'
2026-01-07 01:13:17.546 - RealTimeSTT: realtimestt - DEBUG - Waiting for recording start
2026-01-07 01:13:19.531 - RealTimeSTT: realtimestt - INFO - voice activity detected
2026-01-07 01:13:19.531 - RealTimeSTT: realtimestt - INFO - recording started
2026-01-07 01:13:19.531 - RealTimeSTT: realtimestt - INFO - State changed from 'listening' to 'recording'
2026-01-07 01:13:19.532 - RealTimeSTT: realtimestt - DEBUG - Waiting for recording stop
2026-01-07 01:13:20.681 - RealTimeSTT: realtimestt - INFO - recording stopped
2026-01-07 01:13:20.683 - RealTimeSTT: realtimestt - DEBUG - No samples removed, final audio length: 34816
2026-01-07 01:13:20.683 - RealTimeSTT: realtimestt - INFO - State changed from 'recording' to 'inactive'
2026-01-07 01:13:20.683 - RealTimeSTT: realtimestt - INFO - State changed from 'inactive' to 'transcribing'
2026-01-07 01:13:20.683 - RealTimeSTT: realtimestt - DEBUG - Adding transcription request, no early transcription started
2026-01-07 01:13:20.699 - RealTimeSTT: realtimestt - DEBUG - Receive from parent_transcription_pipe after sendiung transcription request, transcribe_count: 1
2026-01-07 01:13:20.803 - RealTimeSTT: realtimestt - DEBUG - Receive from parent_transcription_pipe after sendiung transcription request, transcribe_count: 1
2026-01-07 01:13:20.913 - RealTimeSTT: realtimestt - DEBUG - Receive from parent_transcription_pipe after sendiung transcription request, transcribe_count: 1
2026-01-07 01:13:21.022 - RealTimeSTT: realtimestt - DEBUG - Receive from parent_transcription_pipe after sendiung transcription request, transcribe_count: 1
2026-01-07 01:13:21.133 - RealTimeSTT: realtimestt - DEBUG - Receive from parent_transcription_pipe after sendiung transcription request, transcribe_count: 1
2026-01-07 01:13:21.242 - RealTimeSTT: realtimestt - DEBUG - Receive from parent_transcription_pipe after sendiung transcription request, transcribe_count: 1
2026-01-07 01:13:21.351 - RealTimeSTT: realtimestt - DEBUG - Receive from parent_transcription_pipe after sendiung transcription request, transcribe_count: 1
2026-01-07 01:13:21.366 - RealTimeSTT: realtimestt - INFO - State changed from 'transcribing' to 'inactive'
2026-01-07 01:13:21.367 - RealTimeSTT: realtimestt - DEBUG - Model large-v3-turbo completed transcription in 0.68 seconds
2026-01-07 01:13:21.367 - RealTimeSTT: realtimestt - INFO - Setting listen time
2026-01-07 01:13:21.367 - RealTimeSTT: realtimestt - INFO - State changed from 'inactive' to 'listening'
2026-01-07 01:13:21.367 - RealTimeSTT: realtimestt - DEBUG - Waiting for recording start
2026-01-07 01:13:24.650 - RealTimeSTT: realtimestt - INFO - voice activity detected
2026-01-07 01:13:24.650 - RealTimeSTT: realtimestt - INFO - recording started
2026-01-07 01:13:24.650 - RealTimeSTT: realtimestt - INFO - State changed from 'listening' to 'recording'
2026-01-07 01:13:24.650 - RealTimeSTT: realtimestt - DEBUG - Waiting for recording stop
2026-01-07 01:13:25.800 - RealTimeSTT: realtimestt - INFO - recording stopped
2026-01-07 01:13:25.800 - RealTimeSTT: realtimestt - DEBUG - No samples removed, final audio length: 34816
2026-01-07 01:13:25.800 - RealTimeSTT: realtimestt - INFO - State changed from 'recording' to 'inactive'
2026-01-07 01:13:25.800 - RealTimeSTT: realtimestt - INFO - State changed from 'inactive' to 'transcribing'
2026-01-07 01:13:25.800 - RealTimeSTT: realtimestt - DEBUG - Adding transcription request, no early transcription started
2026-01-07 01:13:25.814 - RealTimeSTT: realtimestt - DEBUG - Receive from parent_transcription_pipe after sendiung transcription request, transcribe_count: 1
2026-01-07 01:13:25.920 - RealTimeSTT: realtimestt - DEBUG - Receive from parent_transcription_pipe after sendiung transcription request, transcribe_count: 1
2026-01-07 01:13:26.031 - RealTimeSTT: realtimestt - DEBUG - Receive from parent_transcription_pipe after sendiung transcription request, transcribe_count: 1
2026-01-07 01:13:26.143 - RealTimeSTT: realtimestt - DEBUG - Receive from parent_transcription_pipe after sendiung transcription request, transcribe_count: 1
2026-01-07 01:13:26.253 - RealTimeSTT: realtimestt - DEBUG - Receive from parent_transcription_pipe after sendiung transcription request, transcribe_count: 1
2026-01-07 01:13:26.364 - RealTimeSTT: realtimestt - DEBUG - Receive from parent_transcription_pipe after sendiung transcription request, transcribe_count: 1
2026-01-07 01:13:26.476 - RealTimeSTT: realtimestt - DEBUG - Receive from parent_transcription_pipe after sendiung transcription request, transcribe_count: 1
2026-01-07 01:13:26.544 - RealTimeSTT: realtimestt - INFO - State changed from 'transcribing' to 'inactive'
2026-01-07 01:13:26.545 - RealTimeSTT: realtimestt - DEBUG - Model large-v3-turbo completed transcription in 0.74 seconds
2026-01-07 01:13:26.545 - RealTimeSTT: realtimestt - INFO - Setting listen time
2026-01-07 01:13:26.545 - RealTimeSTT: realtimestt - INFO - State changed from 'inactive' to 'listening'
2026-01-07 01:13:26.545 - RealTimeSTT: realtimestt - DEBUG - Waiting for recording start
2026-01-07 01:13:36.432 - RealTimeSTT: realtimestt - INFO - voice activity detected
2026-01-07 01:13:36.432 - RealTimeSTT: realtimestt - INFO - recording started
2026-01-07 01:13:36.432 - RealTimeSTT: realtimestt - INFO - State changed from 'listening' to 'recording'
2026-01-07 01:13:36.432 - RealTimeSTT: realtimestt - DEBUG - Waiting for recording stop
2026-01-07 01:13:37.581 - RealTimeSTT: realtimestt - INFO - recording stopped
2026-01-07 01:13:37.583 - RealTimeSTT: realtimestt - DEBUG - No samples removed, final audio length: 34816
2026-01-07 01:13:37.583 - RealTimeSTT: realtimestt - INFO - State changed from 'recording' to 'inactive'
2026-01-07 01:13:37.583 - RealTimeSTT: realtimestt - INFO - State changed from 'inactive' to 'transcribing'
2026-01-07 01:13:37.584 - RealTimeSTT: realtimestt - DEBUG - Adding transcription request, no early transcription started
2026-01-07 01:13:37.585 - RealTimeSTT: realtimestt - DEBUG - Receive from parent_transcription_pipe after sendiung transcription request, transcribe_count: 1
2026-01-07 01:13:37.691 - RealTimeSTT: realtimestt - DEBUG - Receive from parent_transcription_pipe after sendiung transcription request, transcribe_count: 1
2026-01-07 01:13:37.802 - RealTimeSTT: realtimestt - DEBUG - Receive from parent_transcription_pipe after sendiung transcription request, transcribe_count: 1
2026-01-07 01:13:37.914 - RealTimeSTT: realtimestt - DEBUG - Receive from parent_transcription_pipe after sendiung transcription request, transcribe_count: 1
2026-01-07 01:13:38.024 - RealTimeSTT: realtimestt - DEBUG - Receive from parent_transcription_pipe after sendiung transcription request, transcribe_count: 1
2026-01-07 01:13:38.133 - RealTimeSTT: realtimestt - DEBUG - Receive from parent_transcription_pipe after sendiung transcription request, transcribe_count: 1
2026-01-07 01:13:38.187 - RealTimeSTT: realtimestt - INFO - State changed from 'transcribing' to 'inactive'
2026-01-07 01:13:38.188 - RealTimeSTT: realtimestt - DEBUG - Model large-v3-turbo completed transcription in 0.60 seconds
2026-01-07 01:13:38.188 - RealTimeSTT: realtimestt - INFO - Setting listen time
2026-01-07 01:13:38.188 - RealTimeSTT: realtimestt - INFO - State changed from 'inactive' to 'listening'
2026-01-07 01:13:38.189 - RealTimeSTT: realtimestt - DEBUG - Waiting for recording start
2026-01-07 01:13:39.432 - RealTimeSTT: realtimestt - INFO - voice activity detected
2026-01-07 01:13:39.462 - RealTimeSTT: realtimestt - INFO - recording started
2026-01-07 01:13:39.462 - RealTimeSTT: realtimestt - INFO - State changed from 'listening' to 'recording'
2026-01-07 01:13:39.462 - RealTimeSTT: realtimestt - DEBUG - Waiting for recording stop
2026-01-07 01:13:40.652 - RealTimeSTT: realtimestt - INFO - recording stopped
2026-01-07 01:13:40.653 - RealTimeSTT: realtimestt - DEBUG - No samples removed, final audio length: 35840
2026-01-07 01:13:40.654 - RealTimeSTT: realtimestt - INFO - State changed from 'recording' to 'inactive'
2026-01-07 01:13:40.654 - RealTimeSTT: realtimestt - INFO - State changed from 'inactive' to 'transcribing'
2026-01-07 01:13:40.654 - RealTimeSTT: realtimestt - DEBUG - Adding transcription request, no early transcription started
2026-01-07 01:13:40.656 - RealTimeSTT: realtimestt - DEBUG - Receive from parent_transcription_pipe after sendiung transcription request, transcribe_count: 1
2026-01-07 01:13:40.768 - RealTimeSTT: realtimestt - DEBUG - Receive from parent_transcription_pipe after sendiung transcription request, transcribe_count: 1
2026-01-07 01:13:40.877 - RealTimeSTT: realtimestt - DEBUG - Receive from parent_transcription_pipe after sendiung transcription request, transcribe_count: 1
2026-01-07 01:13:40.987 - RealTimeSTT: realtimestt - DEBUG - Receive from parent_transcription_pipe after sendiung transcription request, transcribe_count: 1
2026-01-07 01:13:41.095 - RealTimeSTT: realtimestt - DEBUG - Receive from parent_transcription_pipe after sendiung transcription request, transcribe_count: 1
2026-01-07 01:13:41.204 - RealTimeSTT: realtimestt - DEBUG - Receive from parent_transcription_pipe after sendiung transcription request, transcribe_count: 1
2026-01-07 01:13:41.313 - RealTimeSTT: realtimestt - DEBUG - Receive from parent_transcription_pipe after sendiung transcription request, transcribe_count: 1
2026-01-07 01:13:41.322 - RealTimeSTT: realtimestt - INFO - State changed from 'transcribing' to 'inactive'
2026-01-07 01:13:41.323 - RealTimeSTT: realtimestt - DEBUG - Model large-v3-turbo completed transcription in 0.67 seconds
2026-01-07 01:13:41.323 - RealTimeSTT: realtimestt - INFO - Setting listen time
2026-01-07 01:13:41.323 - RealTimeSTT: realtimestt - INFO - State changed from 'inactive' to 'listening'
2026-01-07 01:13:41.323 - RealTimeSTT: realtimestt - DEBUG - Waiting for recording start
2026-01-07 01:13:42.832 - RealTimeSTT: realtimestt - INFO - voice activity detected
2026-01-07 01:13:42.832 - RealTimeSTT: realtimestt - INFO - recording started
2026-01-07 01:13:42.832 - RealTimeSTT: realtimestt - INFO - State changed from 'listening' to 'recording'
2026-01-07 01:13:42.832 - RealTimeSTT: realtimestt - DEBUG - Waiting for recording stop
2026-01-07 01:13:43.980 - RealTimeSTT: realtimestt - INFO - recording stopped
2026-01-07 01:13:43.981 - RealTimeSTT: realtimestt - DEBUG - No samples removed, final audio length: 34816
2026-01-07 01:13:43.981 - RealTimeSTT: realtimestt - INFO - State changed from 'recording' to 'inactive'
2026-01-07 01:13:43.981 - RealTimeSTT: realtimestt - INFO - State changed from 'inactive' to 'transcribing'
2026-01-07 01:13:43.982 - RealTimeSTT: realtimestt - DEBUG - Adding transcription request, no early transcription started
2026-01-07 01:13:43.991 - RealTimeSTT: realtimestt - DEBUG - Receive from parent_transcription_pipe after sendiung transcription request, transcribe_count: 1
2026-01-07 01:13:44.098 - RealTimeSTT: realtimestt - DEBUG - Receive from parent_transcription_pipe after sendiung transcription request, transcribe_count: 1
2026-01-07 01:13:44.209 - RealTimeSTT: realtimestt - DEBUG - Receive from parent_transcription_pipe after sendiung transcription request, transcribe_count: 1
2026-01-07 01:13:44.319 - RealTimeSTT: realtimestt - DEBUG - Receive from parent_transcription_pipe after sendiung transcription request, transcribe_count: 1
2026-01-07 01:13:44.430 - RealTimeSTT: realtimestt - DEBUG - Receive from parent_transcription_pipe after sendiung transcription request, transcribe_count: 1
2026-01-07 01:13:44.542 - RealTimeSTT: realtimestt - DEBUG - Receive from parent_transcription_pipe after sendiung transcription request, transcribe_count: 1
2026-01-07 01:13:44.560 - RealTimeSTT: realtimestt - INFO - State changed from 'transcribing' to 'inactive'
2026-01-07 01:13:44.560 - RealTimeSTT: realtimestt - DEBUG - Model large-v3-turbo completed transcription in 0.58 seconds
2026-01-07 01:13:44.561 - RealTimeSTT: realtimestt - INFO - Setting listen time
2026-01-07 01:13:44.561 - RealTimeSTT: realtimestt - INFO - State changed from 'inactive' to 'listening'
2026-01-07 01:13:44.561 - RealTimeSTT: realtimestt - DEBUG - Waiting for recording start
2026-01-07 01:13:46.220 - RealTimeSTT: realtimestt - INFO - voice activity detected
2026-01-07 01:13:46.220 - RealTimeSTT: realtimestt - INFO - recording started
2026-01-07 01:13:46.220 - RealTimeSTT: realtimestt - INFO - State changed from 'listening' to 'recording'
2026-01-07 01:13:46.221 - RealTimeSTT: realtimestt - DEBUG - Waiting for recording stop
2026-01-07 01:13:47.370 - RealTimeSTT: realtimestt - INFO - recording stopped
2026-01-07 01:13:47.371 - RealTimeSTT: realtimestt - DEBUG - No samples removed, final audio length: 34816
2026-01-07 01:13:47.371 - RealTimeSTT: realtimestt - INFO - State changed from 'recording' to 'inactive'
2026-01-07 01:13:47.371 - RealTimeSTT: realtimestt - INFO - State changed from 'inactive' to 'transcribing'
2026-01-07 01:13:47.371 - RealTimeSTT: realtimestt - DEBUG - Adding transcription request, no early transcription started
2026-01-07 01:13:47.379 - RealTimeSTT: realtimestt - DEBUG - Receive from parent_transcription_pipe after sendiung transcription request, transcribe_count: 1
2026-01-07 01:13:47.483 - RealTimeSTT: realtimestt - DEBUG - Receive from parent_transcription_pipe after sendiung transcription request, transcribe_count: 1
2026-01-07 01:13:47.594 - RealTimeSTT: realtimestt - DEBUG - Receive from parent_transcription_pipe after sendiung transcription request, transcribe_count: 1
2026-01-07 01:13:47.705 - RealTimeSTT: realtimestt - DEBUG - Receive from parent_transcription_pipe after sendiung transcription request, transcribe_count: 1
2026-01-07 01:13:47.815 - RealTimeSTT: realtimestt - DEBUG - Receive from parent_transcription_pipe after sendiung transcription request, transcribe_count: 1
2026-01-07 01:13:47.928 - RealTimeSTT: realtimestt - DEBUG - Receive from parent_transcription_pipe after sendiung transcription request, transcribe_count: 1
2026-01-07 01:13:47.969 - RealTimeSTT: realtimestt - INFO - State changed from 'transcribing' to 'inactive'
2026-01-07 01:13:47.970 - RealTimeSTT: realtimestt - DEBUG - Model large-v3-turbo completed transcription in 0.60 seconds
2026-01-07 01:13:47.970 - RealTimeSTT: realtimestt - INFO - Setting listen time
2026-01-07 01:13:47.970 - RealTimeSTT: realtimestt - INFO - State changed from 'inactive' to 'listening'
2026-01-07 01:13:47.970 - RealTimeSTT: realtimestt - DEBUG - Waiting for recording start
2026-01-07 01:13:48.780 - RealTimeSTT: realtimestt - INFO - voice activity detected
2026-01-07 01:13:48.780 - RealTimeSTT: realtimestt - INFO - recording started
2026-01-07 01:13:48.780 - RealTimeSTT: realtimestt - INFO - State changed from 'listening' to 'recording'
2026-01-07 01:13:48.780 - RealTimeSTT: realtimestt - DEBUG - Waiting for recording stop
2026-01-07 01:13:49.930 - RealTimeSTT: realtimestt - INFO - recording stopped
2026-01-07 01:13:49.930 - RealTimeSTT: realtimestt - DEBUG - No samples removed, final audio length: 34816
2026-01-07 01:13:49.931 - RealTimeSTT: realtimestt - INFO - State changed from 'recording' to 'inactive'
2026-01-07 01:13:49.931 - RealTimeSTT: realtimestt - INFO - State changed from 'inactive' to 'transcribing'
2026-01-07 01:13:49.931 - RealTimeSTT: realtimestt - DEBUG - Adding transcription request, no early transcription started
2026-01-07 01:13:49.931 - RealTimeSTT: realtimestt - DEBUG - Receive from parent_transcription_pipe after sendiung transcription request, transcribe_count: 1
2026-01-07 01:13:50.047 - RealTimeSTT: realtimestt - DEBUG - Receive from parent_transcription_pipe after sendiung transcription request, transcribe_count: 1
2026-01-07 01:13:50.158 - RealTimeSTT: realtimestt - DEBUG - Receive from parent_transcription_pipe after sendiung transcription request, transcribe_count: 1
2026-01-07 01:13:50.269 - RealTimeSTT: realtimestt - DEBUG - Receive from parent_transcription_pipe after sendiung transcription request, transcribe_count: 1
2026-01-07 01:13:50.379 - RealTimeSTT: realtimestt - DEBUG - Receive from parent_transcription_pipe after sendiung transcription request, transcribe_count: 1
2026-01-07 01:13:50.491 - RealTimeSTT: realtimestt - DEBUG - Receive from parent_transcription_pipe after sendiung transcription request, transcribe_count: 1
2026-01-07 01:13:50.537 - RealTimeSTT: realtimestt - INFO - State changed from 'transcribing' to 'inactive'
2026-01-07 01:13:50.538 - RealTimeSTT: realtimestt - DEBUG - Model large-v3-turbo completed transcription in 0.61 seconds
2026-01-07 01:13:50.538 - RealTimeSTT: realtimestt - INFO - Setting listen time
2026-01-07 01:13:50.538 - RealTimeSTT: realtimestt - INFO - State changed from 'inactive' to 'listening'
2026-01-07 01:13:50.538 - RealTimeSTT: realtimestt - DEBUG - Waiting for recording start
2026-01-07 01:14:07.080 - RealTimeSTT: realtimestt - INFO - voice activity detected
2026-01-07 01:14:07.080 - RealTimeSTT: realtimestt - INFO - recording started
2026-01-07 01:14:07.080 - RealTimeSTT: realtimestt - INFO - State changed from 'listening' to 'recording'
2026-01-07 01:14:07.080 - RealTimeSTT: realtimestt - DEBUG - Waiting for recording stop
2026-01-07 01:14:08.231 - RealTimeSTT: realtimestt - INFO - recording stopped
2026-01-07 01:14:08.232 - RealTimeSTT: realtimestt - DEBUG - No samples removed, final audio length: 34816
2026-01-07 01:14:08.232 - RealTimeSTT: realtimestt - INFO - State changed from 'recording' to 'inactive'
2026-01-07 01:14:08.232 - RealTimeSTT: realtimestt - INFO - State changed from 'inactive' to 'transcribing'
2026-01-07 01:14:08.232 - RealTimeSTT: realtimestt - DEBUG - Adding transcription request, no early transcription started
2026-01-07 01:14:08.234 - RealTimeSTT: realtimestt - DEBUG - Receive from parent_transcription_pipe after sendiung transcription request, transcribe_count: 1
2026-01-07 01:14:08.340 - RealTimeSTT: realtimestt - DEBUG - Receive from parent_transcription_pipe after sendiung transcription request, transcribe_count: 1
2026-01-07 01:14:08.448 - RealTimeSTT: realtimestt - DEBUG - Receive from parent_transcription_pipe after sendiung transcription request, transcribe_count: 1
2026-01-07 01:14:08.558 - RealTimeSTT: realtimestt - DEBUG - Receive from parent_transcription_pipe after sendiung transcription request, transcribe_count: 1
2026-01-07 01:14:08.669 - RealTimeSTT: realtimestt - DEBUG - Receive from parent_transcription_pipe after sendiung transcription request, transcribe_count: 1
2026-01-07 01:14:08.779 - RealTimeSTT: realtimestt - DEBUG - Receive from parent_transcription_pipe after sendiung transcription request, transcribe_count: 1
2026-01-07 01:14:08.889 - RealTimeSTT: realtimestt - DEBUG - Receive from parent_transcription_pipe after sendiung transcription request, transcribe_count: 1
2026-01-07 01:14:08.962 - RealTimeSTT: realtimestt - INFO - State changed from 'transcribing' to 'inactive'
2026-01-07 01:14:08.963 - RealTimeSTT: realtimestt - DEBUG - Model large-v3-turbo completed transcription in 0.73 seconds
2026-01-07 01:14:08.963 - RealTimeSTT: realtimestt - INFO - Setting listen time
2026-01-07 01:14:08.963 - RealTimeSTT: realtimestt - INFO - State changed from 'inactive' to 'listening'
2026-01-07 01:14:08.963 - RealTimeSTT: realtimestt - DEBUG - Waiting for recording start
2026-01-07 01:14:10.921 - RealTimeSTT: realtimestt - INFO - voice activity detected
2026-01-07 01:14:10.922 - RealTimeSTT: realtimestt - INFO - recording started
2026-01-07 01:14:10.922 - RealTimeSTT: realtimestt - INFO - State changed from 'listening' to 'recording'
2026-01-07 01:14:10.922 - RealTimeSTT: realtimestt - DEBUG - Waiting for recording stop
2026-01-07 01:14:12.070 - RealTimeSTT: realtimestt - INFO - recording stopped
2026-01-07 01:14:12.071 - RealTimeSTT: realtimestt - DEBUG - No samples removed, final audio length: 34816
2026-01-07 01:14:12.071 - RealTimeSTT: realtimestt - INFO - State changed from 'recording' to 'inactive'
2026-01-07 01:14:12.071 - RealTimeSTT: realtimestt - INFO - State changed from 'inactive' to 'transcribing'
2026-01-07 01:14:12.071 - RealTimeSTT: realtimestt - DEBUG - Adding transcription request, no early transcription started
2026-01-07 01:14:12.074 - RealTimeSTT: realtimestt - DEBUG - Receive from parent_transcription_pipe after sendiung transcription request, transcribe_count: 1
2026-01-07 01:14:12.180 - RealTimeSTT: realtimestt - DEBUG - Receive from parent_transcription_pipe after sendiung transcription request, transcribe_count: 1
2026-01-07 01:14:12.292 - RealTimeSTT: realtimestt - DEBUG - Receive from parent_transcription_pipe after sendiung transcription request, transcribe_count: 1
2026-01-07 01:14:12.402 - RealTimeSTT: realtimestt - DEBUG - Receive from parent_transcription_pipe after sendiung transcription request, transcribe_count: 1
2026-01-07 01:14:12.513 - RealTimeSTT: realtimestt - DEBUG - Receive from parent_transcription_pipe after sendiung transcription request, transcribe_count: 1
2026-01-07 01:14:12.623 - RealTimeSTT: realtimestt - DEBUG - Receive from parent_transcription_pipe after sendiung transcription request, transcribe_count: 1
2026-01-07 01:14:12.734 - RealTimeSTT: realtimestt - DEBUG - Receive from parent_transcription_pipe after sendiung transcription request, transcribe_count: 1
2026-01-07 01:14:12.743 - RealTimeSTT: realtimestt - INFO - State changed from 'transcribing' to 'inactive'
2026-01-07 01:14:12.744 - RealTimeSTT: realtimestt - DEBUG - Model large-v3-turbo completed transcription in 0.67 seconds
2026-01-07 01:14:12.744 - RealTimeSTT: realtimestt - INFO - Setting listen time
2026-01-07 01:14:12.744 - RealTimeSTT: realtimestt - INFO - State changed from 'inactive' to 'listening'
2026-01-07 01:14:12.744 - RealTimeSTT: realtimestt - DEBUG - Waiting for recording start
2026-01-07 01:14:20.072 - RealTimeSTT: realtimestt - INFO - voice activity detected
2026-01-07 01:14:20.072 - RealTimeSTT: realtimestt - INFO - recording started
2026-01-07 01:14:20.072 - RealTimeSTT: realtimestt - INFO - State changed from 'listening' to 'recording'
2026-01-07 01:14:20.072 - RealTimeSTT: realtimestt - DEBUG - Waiting for recording stop
2026-01-07 01:14:21.352 - RealTimeSTT: realtimestt - INFO - recording stopped
2026-01-07 01:14:21.353 - RealTimeSTT: realtimestt - DEBUG - No samples removed, final audio length: 36864
2026-01-07 01:14:21.353 - RealTimeSTT: realtimestt - INFO - State changed from 'recording' to 'inactive'
2026-01-07 01:14:21.354 - RealTimeSTT: realtimestt - INFO - State changed from 'inactive' to 'transcribing'
2026-01-07 01:14:21.354 - RealTimeSTT: realtimestt - DEBUG - Adding transcription request, no early transcription started
2026-01-07 01:14:21.368 - RealTimeSTT: realtimestt - DEBUG - Receive from parent_transcription_pipe after sendiung transcription request, transcribe_count: 1
2026-01-07 01:14:21.473 - RealTimeSTT: realtimestt - DEBUG - Receive from parent_transcription_pipe after sendiung transcription request, transcribe_count: 1
2026-01-07 01:14:21.584 - RealTimeSTT: realtimestt - DEBUG - Receive from parent_transcription_pipe after sendiung transcription request, transcribe_count: 1
2026-01-07 01:14:21.693 - RealTimeSTT: realtimestt - DEBUG - Receive from parent_transcription_pipe after sendiung transcription request, transcribe_count: 1
2026-01-07 01:14:21.803 - RealTimeSTT: realtimestt - DEBUG - Receive from parent_transcription_pipe after sendiung transcription request, transcribe_count: 1
2026-01-07 01:14:21.914 - RealTimeSTT: realtimestt - DEBUG - Receive from parent_transcription_pipe after sendiung transcription request, transcribe_count: 1
2026-01-07 01:14:21.972 - RealTimeSTT: realtimestt - INFO - State changed from 'transcribing' to 'inactive'
2026-01-07 01:14:21.972 - RealTimeSTT: realtimestt - DEBUG - Model large-v3-turbo completed transcription in 0.62 seconds
2026-01-07 01:14:21.973 - RealTimeSTT: realtimestt - INFO - Setting listen time
2026-01-07 01:14:21.973 - RealTimeSTT: realtimestt - INFO - State changed from 'inactive' to 'listening'
2026-01-07 01:14:21.973 - RealTimeSTT: realtimestt - DEBUG - Waiting for recording start
2026-01-07 01:14:26.671 - RealTimeSTT: realtimestt - INFO - voice activity detected
2026-01-07 01:14:26.672 - RealTimeSTT: realtimestt - INFO - recording started
2026-01-07 01:14:26.672 - RealTimeSTT: realtimestt - INFO - State changed from 'listening' to 'recording'
2026-01-07 01:14:26.672 - RealTimeSTT: realtimestt - DEBUG - Waiting for recording stop
2026-01-07 01:14:27.820 - RealTimeSTT: realtimestt - INFO - recording stopped
2026-01-07 01:14:27.821 - RealTimeSTT: realtimestt - DEBUG - No samples removed, final audio length: 34816
2026-01-07 01:14:27.821 - RealTimeSTT: realtimestt - INFO - State changed from 'recording' to 'inactive'
2026-01-07 01:14:27.821 - RealTimeSTT: realtimestt - INFO - State changed from 'inactive' to 'transcribing'
2026-01-07 01:14:27.821 - RealTimeSTT: realtimestt - DEBUG - Adding transcription request, no early transcription started
2026-01-07 01:14:27.821 - RealTimeSTT: realtimestt - DEBUG - Receive from parent_transcription_pipe after sendiung transcription request, transcribe_count: 1
2026-01-07 01:14:27.836 - RealTimeSTT: realtimestt - INFO - State changed from 'transcribing' to 'inactive'
2026-01-07 01:14:27.836 - RealTimeSTT: realtimestt - DEBUG - Model large-v3-turbo completed transcription in 0.02 seconds
2026-01-07 01:14:27.837 - RealTimeSTT: realtimestt - INFO - Setting listen time
2026-01-07 01:14:27.837 - RealTimeSTT: realtimestt - INFO - State changed from 'inactive' to 'listening'
2026-01-07 01:14:27.837 - RealTimeSTT: realtimestt - DEBUG - Waiting for recording start
2026-01-07 01:14:38.122 - RealTimeSTT: realtimestt - INFO - voice activity detected
2026-01-07 01:14:38.122 - RealTimeSTT: realtimestt - INFO - recording started
2026-01-07 01:14:38.122 - RealTimeSTT: realtimestt - INFO - State changed from 'listening' to 'recording'
2026-01-07 01:14:38.123 - RealTimeSTT: realtimestt - DEBUG - Waiting for recording stop
2026-01-07 01:14:39.272 - RealTimeSTT: realtimestt - INFO - recording stopped
2026-01-07 01:14:39.273 - RealTimeSTT: realtimestt - DEBUG - No samples removed, final audio length: 34816
2026-01-07 01:14:39.274 - RealTimeSTT: realtimestt - INFO - State changed from 'recording' to 'inactive'
2026-01-07 01:14:39.274 - RealTimeSTT: realtimestt - INFO - State changed from 'inactive' to 'transcribing'
2026-01-07 01:14:39.274 - RealTimeSTT: realtimestt - DEBUG - Adding transcription request, no early transcription started
2026-01-07 01:14:39.282 - RealTimeSTT: realtimestt - DEBUG - Receive from parent_transcription_pipe after sendiung transcription request, transcribe_count: 1
2026-01-07 01:14:39.290 - RealTimeSTT: realtimestt - INFO - State changed from 'transcribing' to 'inactive'
2026-01-07 01:14:39.291 - RealTimeSTT: realtimestt - DEBUG - Model large-v3-turbo completed transcription in 0.02 seconds
2026-01-07 01:14:39.291 - RealTimeSTT: realtimestt - INFO - Setting listen time
2026-01-07 01:14:39.291 - RealTimeSTT: realtimestt - INFO - State changed from 'inactive' to 'listening'
2026-01-07 01:14:39.291 - RealTimeSTT: realtimestt - DEBUG - Waiting for recording start
2026-01-07 01:15:49.609 - RealTimeSTT: realtimestt - INFO - KeyboardInterrupt in wait_audio, shutting down
2026-01-07 01:15:49.610 - RealTimeSTT: realtimestt - DEBUG - Finishing recording thread
2026-01-07 01:15:49.625 - RealTimeSTT: realtimestt - DEBUG - Terminating reader process
2026-01-07 01:15:50.574 - RealTimeSTT: realtimestt - DEBUG - Terminating transcription process
2026-01-07 01:15:50.625 - RealTimeSTT: realtimestt - DEBUG - Finishing realtime thread
2026-01-07 01:15:50.733 - RealTimeSTT: realtimestt - INFO - KeyboardInterrupt in text() method
2026-02-16 21:57:16.333 - RealTimeSTT: realtimestt - INFO - Starting RealTimeSTT
2026-02-16 21:57:16.570 - RealTimeSTT: realtimestt - INFO - Initializing audio recording (creating pyAudio input stream, sample rate: 16000 buffer size: 512
2026-02-16 21:57:16.577 - RealTimeSTT: realtimestt - INFO - Initializing WebRTC voice with Sensitivity 3
2026-02-16 21:57:16.578 - RealTimeSTT: realtimestt - DEBUG - WebRTC VAD voice activity detection engine initialized successfully
2026-02-16 21:57:20.516 - RealTimeSTT: realtimestt - DEBUG - Silero VAD voice activity detection engine initialized successfully
2026-02-16 21:57:20.519 - RealTimeSTT: realtimestt - DEBUG - Starting realtime worker
2026-02-16 21:57:20.519 - RealTimeSTT: realtimestt - DEBUG - Waiting for main transcription model to start
2026-02-16 21:58:01.742 - RealTimeSTT: realtimestt - DEBUG - Main transcription model ready
2026-02-16 21:58:01.744 - RealTimeSTT: realtimestt - DEBUG - RealtimeSTT initialization completed successfully
2026-02-16 21:58:01.745 - RealTimeSTT: realtimestt - INFO - Setting listen time
2026-02-16 21:58:01.745 - RealTimeSTT: realtimestt - INFO - State changed from 'inactive' to 'listening'
2026-02-16 21:58:01.745 - RealTimeSTT: realtimestt - DEBUG - Waiting for recording start
2026-02-16 21:58:13.178 - RealTimeSTT: realtimestt - INFO - voice activity detected
2026-02-16 21:58:13.178 - RealTimeSTT: realtimestt - INFO - recording started
2026-02-16 21:58:13.178 - RealTimeSTT: realtimestt - INFO - State changed from 'listening' to 'recording'
2026-02-16 21:58:13.178 - RealTimeSTT: realtimestt - DEBUG - Waiting for recording stop
2026-02-16 21:58:14.518 - RealTimeSTT: realtimestt - INFO - recording stopped
2026-02-16 21:58:14.519 - RealTimeSTT: realtimestt - DEBUG - No samples removed, final audio length: 37888
2026-02-16 21:58:14.519 - RealTimeSTT: realtimestt - INFO - State changed from 'recording' to 'inactive'
2026-02-16 21:58:14.520 - RealTimeSTT: realtimestt - INFO - State changed from 'inactive' to 'transcribing'
2026-02-16 21:58:14.520 - RealTimeSTT: realtimestt - DEBUG - Adding transcription request, no early transcription started
2026-02-16 21:58:14.521 - RealTimeSTT: realtimestt - DEBUG - Receive from parent_transcription_pipe after sendiung transcription request, transcribe_count: 1
2026-02-16 21:58:14.635 - RealTimeSTT: realtimestt - DEBUG - Receive from parent_transcription_pipe after sendiung transcription request, transcribe_count: 1
2026-02-16 21:58:14.741 - RealTimeSTT: realtimestt - DEBUG - Receive from parent_transcription_pipe after sendiung transcription request, transcribe_count: 1
2026-02-16 21:58:14.850 - RealTimeSTT: realtimestt - DEBUG - Receive from parent_transcription_pipe after sendiung transcription request, transcribe_count: 1
2026-02-16 21:58:14.959 - RealTimeSTT: realtimestt - DEBUG - Receive from parent_transcription_pipe after sendiung transcription request, transcribe_count: 1
2026-02-16 21:58:15.069 - RealTimeSTT: realtimestt - DEBUG - Receive from parent_transcription_pipe after sendiung transcription request, transcribe_count: 1
2026-02-16 21:58:15.180 - RealTimeSTT: realtimestt - DEBUG - Receive from parent_transcription_pipe after sendiung transcription request, transcribe_count: 1
2026-02-16 21:58:15.290 - RealTimeSTT: realtimestt - DEBUG - Receive from parent_transcription_pipe after sendiung transcription request, transcribe_count: 1
2026-02-16 21:58:15.400 - RealTimeSTT: realtimestt - DEBUG - Receive from parent_transcription_pipe after sendiung transcription request, transcribe_count: 1
2026-02-16 21:58:15.508 - RealTimeSTT: realtimestt - DEBUG - Receive from parent_transcription_pipe after sendiung transcription request, transcribe_count: 1
2026-02-16 21:58:15.619 - RealTimeSTT: realtimestt - DEBUG - Receive from parent_transcription_pipe after sendiung transcription request, transcribe_count: 1
2026-02-16 21:58:15.728 - RealTimeSTT: realtimestt - DEBUG - Receive from parent_transcription_pipe after sendiung transcription request, transcribe_count: 1
2026-02-16 21:58:15.837 - RealTimeSTT: realtimestt - DEBUG - Receive from parent_transcription_pipe after sendiung transcription request, transcribe_count: 1
2026-02-16 21:58:15.947 - RealTimeSTT: realtimestt - DEBUG - Receive from parent_transcription_pipe after sendiung transcription request, transcribe_count: 1
2026-02-16 21:58:16.056 - RealTimeSTT: realtimestt - DEBUG - Receive from parent_transcription_pipe after sendiung transcription request, transcribe_count: 1
2026-02-16 21:58:16.164 - RealTimeSTT: realtimestt - DEBUG - Receive from parent_transcription_pipe after sendiung transcription request, transcribe_count: 1
2026-02-16 21:58:16.265 - RealTimeSTT: realtimestt - INFO - State changed from 'transcribing' to 'inactive'
2026-02-16 21:58:16.266 - RealTimeSTT: realtimestt - DEBUG - Model large-v3-turbo completed transcription in 1.75 seconds
2026-02-16 21:58:16.267 - RealTimeSTT: realtimestt - INFO - Setting listen time
2026-02-16 21:58:16.267 - RealTimeSTT: realtimestt - INFO - State changed from 'inactive' to 'listening'
2026-02-16 21:58:16.267 - RealTimeSTT: realtimestt - DEBUG - Waiting for recording start
2026-02-16 21:58:20.408 - RealTimeSTT: realtimestt - INFO - voice activity detected
2026-02-16 21:58:20.408 - RealTimeSTT: realtimestt - INFO - recording started
2026-02-16 21:58:20.408 - RealTimeSTT: realtimestt - INFO - State changed from 'listening' to 'recording'
2026-02-16 21:58:20.408 - RealTimeSTT: realtimestt - DEBUG - Waiting for recording stop
2026-02-16 21:58:22.078 - RealTimeSTT: realtimestt - INFO - recording stopped
2026-02-16 21:58:22.079 - RealTimeSTT: realtimestt - DEBUG - No samples removed, final audio length: 43008
2026-02-16 21:58:22.079 - RealTimeSTT: realtimestt - INFO - State changed from 'recording' to 'inactive'
2026-02-16 21:58:22.079 - RealTimeSTT: realtimestt - INFO - State changed from 'inactive' to 'transcribing'
2026-02-16 21:58:22.079 - RealTimeSTT: realtimestt - DEBUG - Adding transcription request, no early transcription started
2026-02-16 21:58:22.080 - RealTimeSTT: realtimestt - DEBUG - Receive from parent_transcription_pipe after sendiung transcription request, transcribe_count: 1
2026-02-16 21:58:22.192 - RealTimeSTT: realtimestt - DEBUG - Receive from parent_transcription_pipe after sendiung transcription request, transcribe_count: 1
2026-02-16 21:58:22.303 - RealTimeSTT: realtimestt - DEBUG - Receive from parent_transcription_pipe after sendiung transcription request, transcribe_count: 1
2026-02-16 21:58:22.413 - RealTimeSTT: realtimestt - DEBUG - Receive from parent_transcription_pipe after sendiung transcription request, transcribe_count: 1
2026-02-16 21:58:22.522 - RealTimeSTT: realtimestt - DEBUG - Receive from parent_transcription_pipe after sendiung transcription request, transcribe_count: 1
2026-02-16 21:58:22.630 - RealTimeSTT: realtimestt - DEBUG - Receive from parent_transcription_pipe after sendiung transcription request, transcribe_count: 1
2026-02-16 21:58:22.741 - RealTimeSTT: realtimestt - DEBUG - Receive from parent_transcription_pipe after sendiung transcription request, transcribe_count: 1
2026-02-16 21:58:22.852 - RealTimeSTT: realtimestt - DEBUG - Receive from parent_transcription_pipe after sendiung transcription request, transcribe_count: 1
2026-02-16 21:58:22.960 - RealTimeSTT: realtimestt - DEBUG - Receive from parent_transcription_pipe after sendiung transcription request, transcribe_count: 1
2026-02-16 21:58:23.070 - RealTimeSTT: realtimestt - DEBUG - Receive from parent_transcription_pipe after sendiung transcription request, transcribe_count: 1
2026-02-16 21:58:23.179 - RealTimeSTT: realtimestt - DEBUG - Receive from parent_transcription_pipe after sendiung transcription request, transcribe_count: 1
2026-02-16 21:58:23.289 - RealTimeSTT: realtimestt - DEBUG - Receive from parent_transcription_pipe after sendiung transcription request, transcribe_count: 1
2026-02-16 21:58:23.398 - RealTimeSTT: realtimestt - DEBUG - Receive from parent_transcription_pipe after sendiung transcription request, transcribe_count: 1
2026-02-16 21:58:23.509 - RealTimeSTT: realtimestt - DEBUG - Receive from parent_transcription_pipe after sendiung transcription request, transcribe_count: 1
2026-02-16 21:58:23.618 - RealTimeSTT: realtimestt - DEBUG - Receive from parent_transcription_pipe after sendiung transcription request, transcribe_count: 1
2026-02-16 21:58:23.661 - RealTimeSTT: realtimestt - INFO - State changed from 'transcribing' to 'inactive'
2026-02-16 21:58:23.662 - RealTimeSTT: realtimestt - DEBUG - Model large-v3-turbo completed transcription in 1.58 seconds
2026-02-16 21:58:23.662 - RealTimeSTT: realtimestt - INFO - Setting listen time
2026-02-16 21:58:23.662 - RealTimeSTT: realtimestt - INFO - State changed from 'inactive' to 'listening'
2026-02-16 21:58:23.662 - RealTimeSTT: realtimestt - DEBUG - Waiting for recording start
2026-02-16 21:58:28.798 - RealTimeSTT: realtimestt - INFO - voice activity detected
2026-02-16 21:58:28.798 - RealTimeSTT: realtimestt - INFO - recording started
2026-02-16 21:58:28.798 - RealTimeSTT: realtimestt - INFO - State changed from 'listening' to 'recording'
2026-02-16 21:58:28.798 - RealTimeSTT: realtimestt - DEBUG - Waiting for recording stop
2026-02-16 21:58:30.718 - RealTimeSTT: realtimestt - INFO - recording stopped
2026-02-16 21:58:30.719 - RealTimeSTT: realtimestt - DEBUG - No samples removed, final audio length: 47104
2026-02-16 21:58:30.719 - RealTimeSTT: realtimestt - INFO - State changed from 'recording' to 'inactive'
2026-02-16 21:58:30.719 - RealTimeSTT: realtimestt - INFO - State changed from 'inactive' to 'transcribing'
2026-02-16 21:58:30.719 - RealTimeSTT: realtimestt - DEBUG - Adding transcription request, no early transcription started
2026-02-16 21:58:30.720 - RealTimeSTT: realtimestt - DEBUG - Receive from parent_transcription_pipe after sendiung transcription request, transcribe_count: 1
2026-02-16 21:58:30.832 - RealTimeSTT: realtimestt - DEBUG - Receive from parent_transcription_pipe after sendiung transcription request, transcribe_count: 1
2026-02-16 21:58:30.942 - RealTimeSTT: realtimestt - DEBUG - Receive from parent_transcription_pipe after sendiung transcription request, transcribe_count: 1
2026-02-16 21:58:31.054 - RealTimeSTT: realtimestt - DEBUG - Receive from parent_transcription_pipe after sendiung transcription request, transcribe_count: 1
2026-02-16 21:58:31.165 - RealTimeSTT: realtimestt - DEBUG - Receive from parent_transcription_pipe after sendiung transcription request, transcribe_count: 1
2026-02-16 21:58:31.276 - RealTimeSTT: realtimestt - DEBUG - Receive from parent_transcription_pipe after sendiung transcription request, transcribe_count: 1
2026-02-16 21:58:31.388 - RealTimeSTT: realtimestt - DEBUG - Receive from parent_transcription_pipe after sendiung transcription request, transcribe_count: 1
2026-02-16 21:58:31.499 - RealTimeSTT: realtimestt - DEBUG - Receive from parent_transcription_pipe after sendiung transcription request, transcribe_count: 1
2026-02-16 21:58:31.609 - RealTimeSTT: realtimestt - DEBUG - Receive from parent_transcription_pipe after sendiung transcription request, transcribe_count: 1
2026-02-16 21:58:31.719 - RealTimeSTT: realtimestt - DEBUG - Receive from parent_transcription_pipe after sendiung transcription request, transcribe_count: 1
2026-02-16 21:58:31.830 - RealTimeSTT: realtimestt - DEBUG - Receive from parent_transcription_pipe after sendiung transcription request, transcribe_count: 1
2026-02-16 21:58:31.941 - RealTimeSTT: realtimestt - DEBUG - Receive from parent_transcription_pipe after sendiung transcription request, transcribe_count: 1
2026-02-16 21:58:32.050 - RealTimeSTT: realtimestt - DEBUG - Receive from parent_transcription_pipe after sendiung transcription request, transcribe_count: 1
2026-02-16 21:58:32.161 - RealTimeSTT: realtimestt - DEBUG - Receive from parent_transcription_pipe after sendiung transcription request, transcribe_count: 1
2026-02-16 21:58:32.273 - RealTimeSTT: realtimestt - DEBUG - Receive from parent_transcription_pipe after sendiung transcription request, transcribe_count: 1
2026-02-16 21:58:32.385 - RealTimeSTT: realtimestt - DEBUG - Receive from parent_transcription_pipe after sendiung transcription request, transcribe_count: 1
2026-02-16 21:58:32.495 - RealTimeSTT: realtimestt - DEBUG - Receive from parent_transcription_pipe after sendiung transcription request, transcribe_count: 1
2026-02-16 21:58:32.606 - RealTimeSTT: realtimestt - DEBUG - Receive from parent_transcription_pipe after sendiung transcription request, transcribe_count: 1
2026-02-16 21:58:32.621 - RealTimeSTT: realtimestt - INFO - State changed from 'transcribing' to 'inactive'
2026-02-16 21:58:32.622 - RealTimeSTT: realtimestt - DEBUG - Model large-v3-turbo completed transcription in 1.90 seconds
2026-02-16 21:58:32.622 - RealTimeSTT: realtimestt - INFO - Setting listen time
2026-02-16 21:58:32.623 - RealTimeSTT: realtimestt - INFO - State changed from 'inactive' to 'listening'
2026-02-16 21:58:32.623 - RealTimeSTT: realtimestt - DEBUG - Waiting for recording start
2026-02-16 21:58:34.108 - RealTimeSTT: realtimestt - INFO - voice activity detected
2026-02-16 21:58:34.108 - RealTimeSTT: realtimestt - INFO - recording started
2026-02-16 21:58:34.108 - RealTimeSTT: realtimestt - INFO - State changed from 'listening' to 'recording'
2026-02-16 21:58:34.108 - RealTimeSTT: realtimestt - DEBUG - Waiting for recording stop
2026-02-16 21:58:39.038 - RealTimeSTT: realtimestt - INFO - recording stopped
2026-02-16 21:58:39.040 - RealTimeSTT: realtimestt - DEBUG - No samples removed, final audio length: 95232
2026-02-16 21:58:39.040 - RealTimeSTT: realtimestt - INFO - State changed from 'recording' to 'inactive'
2026-02-16 21:58:39.040 - RealTimeSTT: realtimestt - INFO - State changed from 'inactive' to 'transcribing'
2026-02-16 21:58:39.040 - RealTimeSTT: realtimestt - DEBUG - Adding transcription request, no early transcription started
2026-02-16 21:58:39.050 - RealTimeSTT: realtimestt - DEBUG - Receive from parent_transcription_pipe after sendiung transcription request, transcribe_count: 1
2026-02-16 21:58:39.154 - RealTimeSTT: realtimestt - DEBUG - Receive from parent_transcription_pipe after sendiung transcription request, transcribe_count: 1
2026-02-16 21:58:39.263 - RealTimeSTT: realtimestt - DEBUG - Receive from parent_transcription_pipe after sendiung transcription request, transcribe_count: 1
2026-02-16 21:58:39.374 - RealTimeSTT: realtimestt - DEBUG - Receive from parent_transcription_pipe after sendiung transcription request, transcribe_count: 1
2026-02-16 21:58:39.484 - RealTimeSTT: realtimestt - DEBUG - Receive from parent_transcription_pipe after sendiung transcription request, transcribe_count: 1
2026-02-16 21:58:39.592 - RealTimeSTT: realtimestt - DEBUG - Receive from parent_transcription_pipe after sendiung transcription request, transcribe_count: 1
2026-02-16 21:58:39.702 - RealTimeSTT: realtimestt - DEBUG - Receive from parent_transcription_pipe after sendiung transcription request, transcribe_count: 1
2026-02-16 21:58:39.811 - RealTimeSTT: realtimestt - DEBUG - Receive from parent_transcription_pipe after sendiung transcription request, transcribe_count: 1
2026-02-16 21:58:39.923 - RealTimeSTT: realtimestt - DEBUG - Receive from parent_transcription_pipe after sendiung transcription request, transcribe_count: 1
2026-02-16 21:58:40.034 - RealTimeSTT: realtimestt - DEBUG - Receive from parent_transcription_pipe after sendiung transcription request, transcribe_count: 1
2026-02-16 21:58:40.145 - RealTimeSTT: realtimestt - DEBUG - Receive from parent_transcription_pipe after sendiung transcription request, transcribe_count: 1
2026-02-16 21:58:40.256 - RealTimeSTT: realtimestt - DEBUG - Receive from parent_transcription_pipe after sendiung transcription request, transcribe_count: 1
2026-02-16 21:58:40.366 - RealTimeSTT: realtimestt - DEBUG - Receive from parent_transcription_pipe after sendiung transcription request, transcribe_count: 1
2026-02-16 21:58:40.475 - RealTimeSTT: realtimestt - DEBUG - Receive from parent_transcription_pipe after sendiung transcription request, transcribe_count: 1
2026-02-16 21:58:40.541 - RealTimeSTT: realtimestt - INFO - State changed from 'transcribing' to 'inactive'
2026-02-16 21:58:40.543 - RealTimeSTT: realtimestt - DEBUG - Model large-v3-turbo completed transcription in 1.50 seconds
2026-02-16 21:58:40.543 - RealTimeSTT: realtimestt - INFO - Setting listen time
2026-02-16 21:58:40.544 - RealTimeSTT: realtimestt - INFO - State changed from 'inactive' to 'listening'
2026-02-16 21:58:40.544 - RealTimeSTT: realtimestt - DEBUG - Waiting for recording start
2026-02-16 21:58:41.917 - RealTimeSTT: realtimestt - INFO - voice activity detected
2026-02-16 21:58:41.918 - RealTimeSTT: realtimestt - INFO - recording started
2026-02-16 21:58:41.918 - RealTimeSTT: realtimestt - INFO - State changed from 'listening' to 'recording'
2026-02-16 21:58:41.918 - RealTimeSTT: realtimestt - DEBUG - Waiting for recording stop
2026-02-16 21:58:43.068 - RealTimeSTT: realtimestt - INFO - recording stopped
2026-02-16 21:58:43.069 - RealTimeSTT: realtimestt - DEBUG - No samples removed, final audio length: 34816
2026-02-16 21:58:43.069 - RealTimeSTT: realtimestt - INFO - State changed from 'recording' to 'inactive'
2026-02-16 21:58:43.069 - RealTimeSTT: realtimestt - INFO - State changed from 'inactive' to 'transcribing'
2026-02-16 21:58:43.069 - RealTimeSTT: realtimestt - DEBUG - Adding transcription request, no early transcription started
2026-02-16 21:58:43.073 - RealTimeSTT: realtimestt - DEBUG - Receive from parent_transcription_pipe after sendiung transcription request, transcribe_count: 1
2026-02-16 21:58:43.178 - RealTimeSTT: realtimestt - DEBUG - Receive from parent_transcription_pipe after sendiung transcription request, transcribe_count: 1
2026-02-16 21:58:43.288 - RealTimeSTT: realtimestt - DEBUG - Receive from parent_transcription_pipe after sendiung transcription request, transcribe_count: 1
2026-02-16 21:58:43.400 - RealTimeSTT: realtimestt - DEBUG - Receive from parent_transcription_pipe after sendiung transcription request, transcribe_count: 1
2026-02-16 21:58:43.511 - RealTimeSTT: realtimestt - DEBUG - Receive from parent_transcription_pipe after sendiung transcription request, transcribe_count: 1
2026-02-16 21:58:43.622 - RealTimeSTT: realtimestt - DEBUG - Receive from parent_transcription_pipe after sendiung transcription request, transcribe_count: 1
2026-02-16 21:58:43.733 - RealTimeSTT: realtimestt - DEBUG - Receive from parent_transcription_pipe after sendiung transcription request, transcribe_count: 1
2026-02-16 21:58:43.844 - RealTimeSTT: realtimestt - DEBUG - Receive from parent_transcription_pipe after sendiung transcription request, transcribe_count: 1
2026-02-16 21:58:43.955 - RealTimeSTT: realtimestt - DEBUG - Receive from parent_transcription_pipe after sendiung transcription request, transcribe_count: 1
2026-02-16 21:58:44.065 - RealTimeSTT: realtimestt - DEBUG - Receive from parent_transcription_pipe after sendiung transcription request, transcribe_count: 1
2026-02-16 21:58:44.172 - RealTimeSTT: realtimestt - DEBUG - Receive from parent_transcription_pipe after sendiung transcription request, transcribe_count: 1
2026-02-16 21:58:44.281 - RealTimeSTT: realtimestt - DEBUG - Receive from parent_transcription_pipe after sendiung transcription request, transcribe_count: 1
2026-02-16 21:58:44.391 - RealTimeSTT: realtimestt - DEBUG - Receive from parent_transcription_pipe after sendiung transcription request, transcribe_count: 1
2026-02-16 21:58:44.499 - RealTimeSTT: realtimestt - DEBUG - Receive from parent_transcription_pipe after sendiung transcription request, transcribe_count: 1
2026-02-16 21:58:44.608 - RealTimeSTT: realtimestt - DEBUG - Receive from parent_transcription_pipe after sendiung transcription request, transcribe_count: 1
2026-02-16 21:58:44.667 - RealTimeSTT: realtimestt - INFO - State changed from 'transcribing' to 'inactive'
2026-02-16 21:58:44.668 - RealTimeSTT: realtimestt - DEBUG - Model large-v3-turbo completed transcription in 1.60 seconds
2026-02-16 21:58:44.669 - RealTimeSTT: realtimestt - INFO - Setting listen time
2026-02-16 21:58:44.669 - RealTimeSTT: realtimestt - INFO - State changed from 'inactive' to 'listening'
2026-02-16 21:58:44.669 - RealTimeSTT: realtimestt - DEBUG - Waiting for recording start
2026-02-16 21:58:44.858 - RealTimeSTT: realtimestt - INFO - voice activity detected
2026-02-16 21:58:44.858 - RealTimeSTT: realtimestt - INFO - recording started
2026-02-16 21:58:44.858 - RealTimeSTT: realtimestt - INFO - State changed from 'listening' to 'recording'
2026-02-16 21:58:44.858 - RealTimeSTT: realtimestt - DEBUG - Waiting for recording stop
2026-02-16 21:58:47.288 - RealTimeSTT: realtimestt - INFO - recording stopped
2026-02-16 21:58:47.289 - RealTimeSTT: realtimestt - DEBUG - No samples removed, final audio length: 55296
2026-02-16 21:58:47.289 - RealTimeSTT: realtimestt - INFO - State changed from 'recording' to 'inactive'
2026-02-16 21:58:47.289 - RealTimeSTT: realtimestt - INFO - State changed from 'inactive' to 'transcribing'
2026-02-16 21:58:47.289 - RealTimeSTT: realtimestt - DEBUG - Adding transcription request, no early transcription started
2026-02-16 21:58:47.298 - RealTimeSTT: realtimestt - DEBUG - Receive from parent_transcription_pipe after sendiung transcription request, transcribe_count: 1
2026-02-16 21:58:47.404 - RealTimeSTT: realtimestt - DEBUG - Receive from parent_transcription_pipe after sendiung transcription request, transcribe_count: 1
2026-02-16 21:58:47.514 - RealTimeSTT: realtimestt - DEBUG - Receive from parent_transcription_pipe after sendiung transcription request, transcribe_count: 1
2026-02-16 21:58:47.624 - RealTimeSTT: realtimestt - DEBUG - Receive from parent_transcription_pipe after sendiung transcription request, transcribe_count: 1
2026-02-16 21:58:47.735 - RealTimeSTT: realtimestt - DEBUG - Receive from parent_transcription_pipe after sendiung transcription request, transcribe_count: 1
2026-02-16 21:58:47.846 - RealTimeSTT: realtimestt - DEBUG - Receive from parent_transcription_pipe after sendiung transcription request, transcribe_count: 1
2026-02-16 21:58:47.959 - RealTimeSTT: realtimestt - DEBUG - Receive from parent_transcription_pipe after sendiung transcription request, transcribe_count: 1
2026-02-16 21:58:49.033 - RealTimeSTT: realtimestt - DEBUG - Receive from stdout pipe
2026-02-16 21:58:49.033 - RealTimeSTT: realtimestt - INFO - None
